Title playlist;Url playlist;;List Url;Type ;Expert name;Company name;Sub-topics;YouTube account;; ;;
how to grow leeks|easy Method for Big Harvest;https://www.youtube.com/watch?v;SwLGB1WT66Y&list;PLPGyuloevt5yXOFtdoZfYItaTe4Ab9v2M;Playlist;Huw Richards;Huws Garden;Bloemen / plantenteler;https://www.youtube.com/@HuwRichards/featured;;;;
Self-Sufficiency Made Easier using these 12 principles;https://www.youtube.com/watch?v;acjpwIxZzlA&list;PLPGyuloevt5xki7FxQM3BBS98cdhtsa_u;Playlist;Huw Richards;Huws Garden;Bloemen / plantenteler;https://www.youtube.com/@HuwRichards/featured;;;;
Never buy salad again - How to be self-sufficient in salad;https://www.youtube.com/watch?v;sZnCfSx8XbE&list;PLPGyuloevt5zIvgebnZ7Ct4VZwLXI5rfw;Playlist;Huw Richards;Huws Garden;Bloemen / plantenteler;https://www.youtube.com/@HuwRichards/featured;;;;
Observe and interact | Ultimate Gardening Skills Series;https://www.youtube.com/watch?v;bhJRUBE2BBE&list;PLPGyuloevt5y_zYI-d3oibslj_Z1XJCQv;Playlist;Huw Richards;Huws Garden;Bloemen / plantenteler;https://www.youtube.com/@HuwRichards/featured;;;;
Simple Guide to Slug controle;https://www.youtube.com/watch?v;GL65oXHiVP8&list;PLPGyuloevt5x0S3V7GwThdbtsIJkZcu07;Playlist;Huw Richards;Huws Garden;Bloemen / plantenteler;https://www.youtube.com/@HuwRichards/featured;;;;
How to Easily Deal with Weeds in your Garden;https://www.youtube.com/watch?v;0i6B4ip6pAk&list;PLPGyuloevt5zKaqBwHShevAP4aB1jTLz1;Playlist;Huw Richards;Huws Garden;Bloemen / plantenteler;https://www.youtube.com/@HuwRichards/featured;;;;
Growing Potatoes the Lazy Way FAQs;https://www.youtube.com/watch?v;LOuQI4OC0RM&list;PLPGyuloevt5xXDa_xd1ZqgfpIw6zPRDZu;Playlist;Huw Richards;Huws Garden;Bloemen / plantenteler;https://www.youtube.com/@HuwRichards/featured;;;;
When to Top-up Mulch in your Vegetable Garden;https://www.youtube.com/watch?v;rk-hyUwdkLs&list;PLPGyuloevt5z8Nh2Fofu9LCpHmw2ngY89;Playlist;Huw Richards;Huws Garden;Bloemen / plantenteler;https://www.youtube.com/@HuwRichards/featured;;;;
The Essential Equipment to Start a Small Space Garden;https://www.youtube.com/watch?v;H1M-A4B87GA&list;PLPGyuloevt5xDHsJXGOF9ZxtmHNUA8dP_;Playlist;Huw Richards;Huws Garden;Bloemen / plantenteler;https://www.youtube.com/@HuwRichards/featured;;;;
How to Easily keep your garden down on Slugs;https://www.youtube.com/watch?v;DURRRh9jndY&list;PLPGyuloevt5zjyU4QMT-j3wfkydcdKxSC;Playlist;Huw Richards;Huws Garden;Bloemen / plantenteler;https://www.youtube.com/@HuwRichards/featured;;;;
Strawberry Propagation from Runners;https://www.youtube.com/watch?v;xu0u8DIrIxY&list;PLPGyuloevt5yTbTp_x269n4hOP7QHJ5Yv;Playlist;Huw Richards;Huws Garden;Bloemen / plantenteler;https://www.youtube.com/@HuwRichards/featured;;;;
How to grow potatoes the lazy way (You'll Never Need to Dig Again!);https://www.youtube.com/watch?v;pk0vhqSarYU&list;PLPGyuloevt5xyvp1EBeg0ZPr2ukbRvKOe;Playlist;Huw Richards;Huws Garden;Bloemen / plantenteler;https://www.youtube.com/@HuwRichards/featured;;;;
How to save effort and grow better food simultaneously;https://www.youtube.com/watch?v;wcgN2FYpAW4&list;PLPGyuloevt5yRILQ9Q7OswiW6HKptawK3;Playlist;Huw Richards;Huws Garden;Bloemen / plantenteler;https://www.youtube.com/@HuwRichards/featured;;;;
this simple method will increase your potato Harvests!;https://www.youtube.com/watch?v;3QSyD200ZJY&list;PLPGyuloevt5xDy8GT6q73byNPaQcQewq_;Playlist;Huw Richards;Huws Garden;Bloemen / plantenteler;https://www.youtube.com/@HuwRichards/featured;;;;
Supporting heavy cropping apple trees - Making progs;https://www.youtube.com/watch?v;xCejQoyu_z4&list;PLPGyuloevt5yQFyklCMezu29wl5sGFOLy;Playlist;Huw Richards;Huws Garden;Bloemen / plantenteler;https://www.youtube.com/@HuwRichards/featured;;;;
Growing popcorn from start to finish & 100K Subscriber Thank you!;https://www.youtube.com/watch?v;Q0C0Lu77edM&list;PLCk50QyzwVNHAV5-4sn-Cr99350tECsja;Playlist;Kalem Berntsen;TheKiwiGrower;Fruitteler;https://www.youtube.com/@TheKiwiGrower/featured;;;;
Growing Loquat Trees From Seed - How to;https://www.youtube.com/watch?v;aXxaARywP7E&list;PLCk50QyzwVNFHkrRhGlV8mUB94o36lEva;Playlist;Kalem Berntsen;TheKiwiGrower;Fruitteler;https://www.youtube.com/@TheKiwiGrower/featured;;;;
Guide To Planting Citrus Trees At Home - Lemon, Lime, Kumquat & Calamondin;https://www.youtube.com/watch?v;VsmaJuIAxHU&list;PLCk50QyzwVNGHMM8OuTuveGd0rT5xHusb;Playlist;Kalem Berntsen;TheKiwiGrower;Fruitteler;https://www.youtube.com/@TheKiwiGrower/featured;;;;
Apple Tree Grafting For Beginners - Learn How To Graft | Includes 6 Months of Updates;https://www.youtube.com/watch?v;SjdkFrDvHBo&list;PLCk50QyzwVNEJ679JQTu54PqV9NOeVq9n;Playlist;Kalem Berntsen;TheKiwiGrower;Fruitteler;https://www.youtube.com/@TheKiwiGrower/featured;;;;
8 AWESOME Reasons To Use Cover Crops In Your Garden - Plants That Build Soil;https://www.youtube.com/watch?v;8X88L_Nt7oc&list;PLCk50QyzwVNFRdZL5EkUBFUJisFpE7qms;Playlist;Kalem Berntsen;TheKiwiGrower;Fruitteler;https://www.youtube.com/@TheKiwiGrower/featured;;;;
Pitaya / Dragon Fruit | Transplanting and Growing Rare Varieties from Seed;https://www.youtube.com/watch?v;XjJEjpk8lAA&list;PLCk50QyzwVNGuah8rrXh98Bh8_u6y2uSJ;Playlist;Kalem Berntsen;TheKiwiGrower;Fruitteler;https://www.youtube.com/@TheKiwiGrower/featured;;;;
Growing & Tasting Some Of My Favourite Unusual Fruits;https://www.youtube.com/watch?v;1u1DbPL8wzo&list;PLCk50QyzwVNHonCNFQHxINm8qSKvEavuR;Playlist;Kalem Berntsen;TheKiwiGrower;Fruitteler;https://www.youtube.com/@TheKiwiGrower/featured;;;;
Growing Watermelons From START TO FINISH - Tips and Tricks and Some Unusual Varieties;https://www.youtube.com/watch?v;Gid6hMTXpOA&list;PLCk50QyzwVNG9v007PU7hi7hKVGdlI10O;Playlist;Kalem Berntsen;TheKiwiGrower;Fruitteler;https://www.youtube.com/@TheKiwiGrower/featured;;;;
Starting a Beehive - From a 'Nucleus';https://www.youtube.com/watch?v;btqxqQfrTWE&list;PLCk50QyzwVNFr2mmMyqlXO7ArVbNxGUNz;Playlist;Kalem Berntsen;TheKiwiGrower;Imker;https://www.youtube.com/@TheKiwiGrower/featured;;;;
Sprouting & Planting Chayote's (choko's);https://www.youtube.com/watch?v;WYH4OYUzkdI&list;PLCk50QyzwVNFK0Qf1QbCttNosqobIJ70z;Playlist;Kalem Berntsen;TheKiwiGrower;Fruitteler;https://www.youtube.com/@TheKiwiGrower/featured;;;;
Yacon's - Tasting & Growing;https://www.youtube.com/watch?v;r5skUVBXebs&list;PLCk50QyzwVNHOaGDDM8IHSYy7fr3KEN43;Playlist;Kalem Berntsen;TheKiwiGrower;Fruitteler;https://www.youtube.com/@TheKiwiGrower/featured;;;;
How to Grow a Coconut Palm from a Dehusked Coconut. Step-by-step;https://www.youtube.com/watch?v;BieelvE_ZPI&list;PLCk50QyzwVNF7VZRWdlZDiFJI3Vvl-KJK;Playlist;Kalem Berntsen;TheKiwiGrower;Fruitteler;https://www.youtube.com/@TheKiwiGrower/featured;;;;
Imkeren voor beginners door beginners!;https://www.youtube.com/watch?v;;BJbtz3HIYGE;Video;Koster Honing;Koster Honing;Imker;https://www.youtube.com/@kosterhoning2904/featured;;;;
Imkeren voor beginners door beginners! deel 2;https://www.youtube.com/watch?v;;3NpK4diXpwQ;Video;Koster Honing;Koster Honing;Imker;https://www.youtube.com/@kosterhoning2904/featured;;;;
Beekeeping How To Start Beekeeping In 2024;https://www.youtube.com/watch?v;ryThwgpdkFw&list;PL9ntik9Ac6jxIYTbhiMAO0inx1pvZQVT_;Playlist;David Burns;honeybeesonline;Imker;https://www.youtube.com/@beek/featured;;;;
Beekeeping | Ep.1 Is It Worthless Or Worth It? Today: The Inner Cover;https://www.youtube.com/watch?v;GpbQTieOVwc&list;PL9ntik9Ac6jxcOdNeeTgrrKA0F_heo3dE;Playlist;David Burns;honeybeesonline;Imker;https://www.youtube.com/@beek/featured;;;;
Beekeeping | How Much Honey Should You Leave On Your Hive?;https://www.youtube.com/watch?v;hJU_LlB_gHQ&list;PL9ntik9Ac6jwWj8JBd3XQEZnFQ-xEwhf-;Playlist;David Burns;honeybeesonline;Imker;https://www.youtube.com/@beek/featured;;;;
Beekeeping | How To Manipulate Frames For Winter;https://www.youtube.com/watch?v;VDAWJddaDsI&list;PL9ntik9Ac6jzImoP61N5ou3ywubEMJFXn;Playlist;David Burns;honeybeesonline;Imker;https://www.youtube.com/@beek/featured;;;;
5 Tips for Transporting honeybees for Beginning Beekeepers;https://www.youtube.com/watch?v;vX4YjRWeyTg&list;PLQ-Bs6RELuDRrM8YPPbxJgAc6sxao2QOu;Playlist;Doug Remschneider;Doug the Bee Guy;Imker;https://www.youtube.com/@DougtheBeeGuy/featured;;;;
Queen Rearing Series Episode 1: Introduction;https://www.youtube.com/watch?v;JmOXtVpCH7k&list;PLQ-Bs6RELuDTVVDzdLlQYRhVz1PXkw-j_;Playlist;Doug Remschneider;Doug the Bee Guy;Imker;https://www.youtube.com/@DougtheBeeGuy/featured;;;;
Double Nucleus Colony Series Episode 1: Introduction;https://www.youtube.com/watch?v;GSYdeTJlkug&list;PLQ-Bs6RELuDTJVObSC5Dc32B-CdEnwcp0;Playlist;Doug Remschneider;Doug the Bee Guy;Imker;https://www.youtube.com/@DougtheBeeGuy/featured;;;;
Beginning Beekeeping Series Episode 1: Introduction and Equipment;https://www.youtube.com/watch?v;TaVMrR9hUpQ&list;PLQ-Bs6RELuDTBq-cduGSIxpZgmxJJXvmJ;Playlist;Doug Remschneider;Doug the Bee Guy;Imker;https://www.youtube.com/@DougtheBeeGuy/featured;;;;
Doug the Bee Guy Live Stream #6 | Winter Milestones for Beehives;https://www.youtube.com/watch?v;PU3Jy6PLuw4&list;PLQ-Bs6RELuDRbBFDXsRvasM5LbCr8BSJ3;Playlist;Doug Remschneider;Doug the Bee Guy;Imker;https://www.youtube.com/@DougtheBeeGuy/featured;;;;
Doug the Bee Guy Live Stream #3 | 6 Ways to Feed Honeybees;https://www.youtube.com/watch?v;pJVG1Dph9ZA&list;PLQ-Bs6RELuDTl2-9kMYa7oNqRT2MUP02W;Playlist;Doug Remschneider;Doug the Bee Guy;Imker;https://www.youtube.com/@DougtheBeeGuy/featured;;;;
Making the Queen Honey Bee;https://www.youtube.com/watch?v;Ba3Q9ZgrV_0&list;PLQ-Bs6RELuDRtwr0i7UNoqWdkHq_aZF7q;Playlist;Doug Remschneider;Doug the Bee Guy;Imker;https://www.youtube.com/@DougtheBeeGuy/featured;;;;
Uncapping Honey Frames;https://www.youtube.com/watch?v;IMMm5Tz-Q1M&list;PLQ-Bs6RELuDQ3znMdB6EJyr9MIJHowY2O;Playlist;Doug Remschneider;Doug the Bee Guy;Imker;https://www.youtube.com/@DougtheBeeGuy/featured;;;;
Marking the Queen Honey Bee;https://www.youtube.com/watch?v;Ba3Q9ZgrV_0&list;PLQ-Bs6RELuDQ5p3ddBvOhzTB-PyRDujcb;Playlist;Doug Remschneider;Doug the Bee Guy;Imker;https://www.youtube.com/@DougtheBeeGuy/featured;;;;
Uncapping Honey Frames;https://www.youtube.com/watch?v;IMMm5Tz-Q1M&list;PLQ-Bs6RELuDQzwwSxW7YoBnNY60tTn0bu;Playlist;Doug Remschneider;Doug the Bee Guy;Imker;https://www.youtube.com/@DougtheBeeGuy/featured;;;;
Harvesting Honey | How to harvest honey from a beehive;https://www.youtube.com/watch?v;CPqXg4mmsXk&list;PLQ-Bs6RELuDTx4iSUTpZFgJ9R0Q01VeNm;Playlist;Doug Remschneider;Doug the Bee Guy;Imker;https://www.youtube.com/@DougtheBeeGuy/featured;;;;
HOW TO HUNT: First step to become a hunter;https://www.youtube.com/watch?v;U62EFNeuzrM&list;PL6ufkFP15iaw1sU3c-UtzCweKoZEv-mDe;Playlist;Allie D'Andrea;Outdoors Allie;Jager;https://www.youtube.com/@OutdoorsAllie/featured;;;;
How To Mount A Turkey Fan * THE EASY WAY *;https://www.youtube.com/watch?v;;SPQHTgeE6Ys;Video;Allie D'Andrea;Outdoors Allie;Jager;https://www.youtube.com/@OutdoorsAllie/featured;;;;
* GRAPHIC * How to Gut ( Field Dress ) a Deer;https://www.youtube.com/watch?v;;HNvR555C_5g;Video;Allie D'Andrea;Outdoors Allie;Jager;https://www.youtube.com/@OutdoorsAllie/featured;;;;
How to Butcher and Cook a Wild Turkey * At Home Guide *;https://www.youtube.com/watch?v;;UYu0Hx1lYKw;Video;Allie D'Andrea;Outdoors Allie;Jager;https://www.youtube.com/@OutdoorsAllie/featured;;;;
How to Butcher a Deer Front Quarter * SECRET TENDER CUT *;https://www.youtube.com/watch?v;;GuiNsCZE9pQ;Video;Allie D'Andrea;Outdoors Allie;Jager;https://www.youtube.com/@OutdoorsAllie/featured;;;;
Hunting Butchering & Eating * WILD TURKEY *;https://www.youtube.com/watch?v;;kYuaHVsiCQI;Video;Allie D'Andrea;Outdoors Allie;Jager;https://www.youtube.com/@OutdoorsAllie/featured;;;;
Preparation For Elk Hunting;https://www.youtube.com/watch?v;;xR94HxBTOVc;Video;Allie D'Andrea;Outdoors Allie;Jager;https://www.youtube.com/@OutdoorsAllie/featured;;;;
"Hunting gear list optimization - 3 steps to help you ""own"" any list";https://www.youtube.com/watch?v;p7zLWZv6_28&list;PLd4QmRqz5qYxdE11Uhv2LxqShWFPr69bs;Playlist;RedKettle Efficient Hunting;RedKettle Efficient Hunting;Jager;https://www.youtube.com/@RedKettleEfficientHunting/featured;;;;
Spartan Javelin Bipod - Why it’s in my hunting gear bag (ep 1);https://www.youtube.com/watch?v;r4gDaO6x-Ow&list;PLd4QmRqz5qYwKEOHerTEOdkxx9iNJdHeS;Playlist;RedKettle Efficient Hunting;RedKettle Efficient Hunting;Jager;https://www.youtube.com/@RedKettleEfficientHunting/featured;;;;
where to shoot a deer - 11 shot placement charts (where to aim);https://www.youtube.com/watch?v;WocZuhzpLkQ&list;PLd4QmRqz5qYwhGLcevobbyV4D6boXuVSC;Playlist;RedKettle Efficient Hunting;RedKettle Efficient Hunting;Jager;https://www.youtube.com/@RedKettleEfficientHunting/featured;;;;
Best Caliber For Deer Hunting pt. 1 - performance metrics;https://www.youtube.com/watch?v;hm0UmXsuJ-I&list;PLd4QmRqz5qYw6tjtJOwozSdc9VZV4jV6R;Playlist;RedKettle Efficient Hunting;RedKettle Efficient Hunting;Jager;https://www.youtube.com/@RedKettleEfficientHunting/featured;;;;
What happens when you miss - 3 common deer shot placement mistakes;https://www.youtube.com/watch?v;7GRrRdKXMAM&list;PLd4QmRqz5qYy7kkiEZMuU6L5ipCRamc1P;Playlist;RedKettle Efficient Hunting;RedKettle Efficient Hunting;Jager;https://www.youtube.com/@RedKettleEfficientHunting/featured;;;;
How good is the 7mm PRC? (Weapon Employment Zone analysis & more);https://www.youtube.com/watch?v;q8nf5Axkn0U&list;PLd4QmRqz5qYzdaXKQvJr0ZfIWWCsah3gz;Playlist;RedKettle Efficient Hunting;RedKettle Efficient Hunting;Jager;https://www.youtube.com/@RedKettleEfficientHunting/featured;;;;
hunting rifle - NOT your ultimate tool;https://www.youtube.com/watch?v;oTxjvgjbQw0&list;PLd4QmRqz5qYzfMVBZrZql42E2LEENk7CV;Playlist;RedKettle Efficient Hunting;RedKettle Efficient Hunting;Jager;https://www.youtube.com/@RedKettleEfficientHunting/featured;;;;
"Deer hunting; olympic gold and an essential trick #shorts";https://www.youtube.com/watch?v;SRBTQPv6qwM&list;PLd4QmRqz5qYyKcGWv8T6r8b6ficj8NLKv;Playlist;RedKettle Efficient Hunting;RedKettle Efficient Hunting;Jager;https://www.youtube.com/@RedKettleEfficientHunting/featured;;;;
Do this to FIND DEER (6 tricks) #deerhunting;https://www.youtube.com/watch?v;#NOM?;PLd4QmRqz5qYwZckrzOBbyoSkR_uZSWQaf;Playlist;RedKettle Efficient Hunting;RedKettle Efficient Hunting;Jager;https://www.youtube.com/@RedKettleEfficientHunting/featured;;;;
do you pull your trigger correctly? (avoid missing deer);https://www.youtube.com/watch?v;IkCWddTmUK8&list;PLd4QmRqz5qYzj5hXKQd9WKbbsRMHQK3nl;Playlist;RedKettle Efficient Hunting;RedKettle Efficient Hunting;Jager;https://www.youtube.com/@RedKettleEfficientHunting/featured;;;;
How to design instant privacy for your yard! DIY Landscape Design Strategy;https://www.youtube.com/watch?v;4efkmfC0O2A&list;PLT4LLM91GU1tDYtkriUPhQvuIqISuW8eS;Playlist;Eve Hanlin;Garden Project Academy;Tuinontwerper;https://www.youtube.com/@gardenprojectacademy/featured;;;;
Critical mulching tips every do-it-yourselfer needs to know for successful landscaping projects;https://www.youtube.com/watch?v;bwrQJvbQTKI&list;PLT4LLM91GU1uYT6Y1jQCkzC4A5Qq0e54r;Playlist;Eve Hanlin;Garden Project Academy;Tuinontwerper;https://www.youtube.com/@gardenprojectacademy/featured;;;;
;https://www.youtube.com/watch?v;4uoiZq72ueA&list;PLT4LLM91GU1taGlpmsK2xalpRV9Vp8Vqc;Playlist;Eve Hanlin;Garden Project Academy;Tuinontwerper;https://www.youtube.com/@gardenprojectacademy/featured;;;;
;https://www.youtube.com/watch?v;z8Lf4YprlkQ&list;PLT4LLM91GU1vhHxl49l-u2pIYgfBTNBtg;Playlist;Eve Hanlin;Garden Project Academy;Tuinontwerper;https://www.youtube.com/@gardenprojectacademy/featured;;;;
;https://www.youtube.com/watch?v;MS2GF-dpKKU&list;PLT4LLM91GU1vj45iMOGcvApYPR0FaAZa1;Playlist;Eve Hanlin;Garden Project Academy;Tuinontwerper;https://www.youtube.com/@gardenprojectacademy/featured;;;;
;https://www.youtube.com/watch?v;AImMZVm1FUc&list;PLR1VPrvzgShjZHVtEwc5HDCFogry8TcnT;Playlist;Bedrock Wine Co.;Bedrock Wine Co.;Wijnboer;https://www.youtube.com/@bedrockwineco.4022;;;;
;https://www.youtube.com/watch?v;sVWvIQ2U6vw&list;PLR1VPrvzgShhQhFH7hSfZ7y6N-0rSRvY-;Playlist;Bedrock Wine Co.;Bedrock Wine Co.;Wijnboer;https://www.youtube.com/@bedrockwineco.4023;;;;
;https://www.youtube.com/watch?v;YUvhS0YpRXg&list;PLR1VPrvzgShj0ByvsjTlZy96vJH_3LGD0;Playlist;Bedrock Wine Co.;Bedrock Wine Co.;Wijnboer;https://www.youtube.com/@bedrockwineco.4024;;;;
;https://www.youtube.com/watch?v;6sJGNHiQwCo&list;PLxq-i2px3tgwUF-JL2z0YLOJpCsrMttVw;Playlist;Freddie Perkins;The Bearded Butchers;Slager;https://www.youtube.com/@TheBeardedButchers/featured;;;;
;https://www.youtube.com/watch?v;X-OD8A7s6c4&list;PLxq-i2px3tgw4q0MqJkjIIwQKnUAOxcc3;Playlist;Freddie Perkins;The Bearded Butchers;Slager;https://www.youtube.com/@TheBeardedButchers/featured;;;;
;https://www.youtube.com/watch?v;CRuzH8FmWXc&list;PLxq-i2px3tgyfbi1MqC9vklnKKM01Wi-5;Playlist;Freddie Perkins;The Bearded Butchers;Slager;https://www.youtube.com/@TheBeardedButchers/featured;;;;
;https://www.youtube.com/watch?v;zAQJnnBB6_Y&list;PLxq-i2px3tgxpYUSv8Hki8kC8Zkbnvftu;Playlist;Freddie Perkins;The Bearded Butchers;Slager;https://www.youtube.com/@TheBeardedButchers/featured;;;;
;https://www.youtube.com/watch?v;ivBdHcsF83M&list;PLxq-i2px3tgzMV90xKtaaxTr-BboB07na;Playlist;Freddie Perkins;The Bearded Butchers;Slager;https://www.youtube.com/@TheBeardedButchers/featured;;;;
;https://www.youtube.com/watch?v;XG0-H6kdvyA&list;PLxq-i2px3tgyOFcPOVhVfwG2o87rKgGa5;Playlist;Freddie Perkins;The Bearded Butchers;"Slager; chef-kok";https://www.youtube.com/@TheBeardedButchers/featured;;;;
;https://www.youtube.com/watch?v;ui5KrLgESGA&list;PLsbYZq5I4y8f5Sbf6Iu--aKclmyPPZZue;Playlist;Optometry Today;Optometry Today;Opticien;;;;;
;https://www.youtube.com/watch?v;4Ck7mn1VVIE&list;PLMl6OmmUPzUjamk4bjKm9gN2SF5hFXd9u;Playlist;American Academy of Audiology;American Academy of Audiology;Audicien;;;;;
;https://www.youtube.com/watch?v;axRpwm7PwBE&list;PLya8vOHQyOR_M5iof6u0pImXBdt5rfZMr;Playlist;Phonak;Phonak;Audicien;;;;;
;https://www.youtube.com/watch?v;qCiicnhmcHQ&list;PLya8vOHQyOR_YtvhtF1UPEPthfy5O9B-l;Playlist;Phonak;Phonak;Audicien;;;;;
;https://www.youtube.com/watch?v;iUidLxZ647A&list;PLya8vOHQyOR_cf0HlsR3PQH5erIzw-Qr4;Playlist;Phonak;Phonak;Audicien;;;;;
;https://www.youtube.com/watch?v;BFVdWOr0Jsk&list;PLya8vOHQyOR8hQhvbb6aPOWCupoIADJfp;Playlist;Phonak;Phonak;Audicien;;;;;
;https://www.youtube.com/watch?v;;eg1X6SKfTQo;Video;Jordan Mantzke;Modern Goldsmith;Edelsmit;https://www.youtube.com/@moderngoldsmith/featured;;;;
;https://www.youtube.com/watch?v;;g1T0vPFZKPc;Video;Jordan Mantzke;Modern Goldsmith;Edelsmit;https://www.youtube.com/@moderngoldsmith/featured;;;;
;https://www.youtube.com/watch?v;;uOKQ41P4DYQ;Video;Jordan Mantzke;Modern Goldsmith;Edelsmit;https://www.youtube.com/@moderngoldsmith/featured;;;;
;https://www.youtube.com/watch?v;;XzLpleEL4ng;Video;Jordan Mantzke;Modern Goldsmith;Edelsmit;https://www.youtube.com/@moderngoldsmith/featured;;;;
;https://www.youtube.com/watch?v;;p1yWy76qYT4;Video;Jordan Mantzke;Modern Goldsmith;Edelsmit;https://www.youtube.com/@moderngoldsmith/featured;;;;
;https://www.youtube.com/watch?v;;mLGFHDtd4jc;Video;Jordan Mantzke;Modern Goldsmith;Edelsmit;https://www.youtube.com/@moderngoldsmith/featured;;;;
;https://www.youtube.com/watch?v;;aX866Kx4oU8;Video;Jordan Mantzke;Modern Goldsmith;Edelsmit;https://www.youtube.com/@moderngoldsmith/featured;;;;
;https://www.youtube.com/watch?v;;B8uyaCBERV8;Video;Jordan Mantzke;Modern Goldsmith;Edelsmit;https://www.youtube.com/@moderngoldsmith/featured;;;;
;https://www.youtube.com/watch?v;;7hSZFO5QUmE;Video;Ryan Jewell;Wired;Klokkenmaker;https://www.youtube.com/@WIRED;;;;
;https://www.youtube.com/watch?v;QmGNINAjX5I&list;PLzF7p4jha6GDrsZkJB_o9IedaRFomLDou;Playlist;Carlos Marcelin;CRM Jewelers;Klokkenmaker;https://www.youtube.com/@Crmjewelers;;;;
;https://www.youtube.com/watch?v;jh4xqAiXPxg&list;PL4wKjLPPS74Di8G00o6Fges2W2-JRQXP7;Playlist;Adrian Barker;BarkandJack;Klokkenmaker;https://www.youtube.com/@BarkandJack/featured;;;;
;https://www.youtube.com/watch?v;pT4ebBVUitg&list;PL4wKjLPPS74BwFpM99_FdgWU01CwEtjqu;Playlist;Adrian Barker;BarkandJack;Klokkenmaker;https://www.youtube.com/@BarkandJack/featured;;;;
;https://www.youtube.com/watch?v;Bj2syq_d8VI&list;PL4wKjLPPS74AIr_fgwWkfsFv8-T-JEh_g;Playlist;Adrian Barker;BarkandJack;Klokkenmaker;https://www.youtube.com/@BarkandJack/featured;;;;
;https://www.youtube.com/watch?v;JQvVTPCgozI&list;PL4wKjLPPS74DcDLdzUHUpUIHOsL9eiY04;Playlist;Adrian Barker;BarkandJack;Klokkenmaker;https://www.youtube.com/@BarkandJack/featured;;;;
;https://www.youtube.com/watch?v;iZDuxAmgr1I&list;PLja3u80DBmCpPmf0QM_jC6ujFOZc0Gj4a;Playlist;Teddy Baldassarre;teddybaldassarre;Klokkenmaker;https://www.youtube.com/@TeddyBaldassarre/featured;;;;
;https://www.youtube.com/watch?v;GV01OmcV2no&list;PLja3u80DBmCrQIlFqrbfKb5dkjcdpIKX1;Playlist;Teddy Baldassarre;teddybaldassarre;Klokkenmaker;https://www.youtube.com/@TeddyBaldassarre/featured;;;;
;https://www.youtube.com/watch?v;yZZhKBUCk1U&list;PLWktMyQDMMIasMYgF61wtU58CbC0EUtjl;Playlist;Ken Condal;KenToonz;Klokkenmaker;https://www.youtube.com/@KenToonz/featured;;;;
;https://www.youtube.com/watch?v;J7dmz0DvIko&list;PLlIieQ1fBIpo802wHe6sDFB6N7aSz1J5G;Playlist;Stylish D;Stylish D;Kleermaker;https://www.youtube.com/@Stylish_D/featured;;;;
;https://www.youtube.com/watch?v;Fmr5SmNeRds&list;PLlIieQ1fBIprWmXpXVEpxKK2Yvl_-3Ay3;Playlist;Stylish D;Stylish D;Kleermaker;https://www.youtube.com/@Stylish_D/featured;;;;
;https://www.youtube.com/watch?v;tB0Q0UvI3Xs&list;PLlIieQ1fBIpqbb68yFN0hWfcFiGSjfwCW;Playlist;Stylish D;Stylish D;Kleermaker;https://www.youtube.com/@Stylish_D/featured;;;;
;https://www.youtube.com/watch?v;hsjgbQ5DoXY&list;PLlIieQ1fBIpos-JbpRpJGeeBa7zbLxc_9;Playlist;Stylish D;Stylish D;Kleermaker;https://www.youtube.com/@Stylish_D/featured;;;;
;https://www.youtube.com/watch?v;5jZEZuVf6Zs&list;PLlIieQ1fBIpqbRxvOdhBulUxld2BKd8P2;Playlist;Stylish D;Stylish D;Kleermaker;https://www.youtube.com/@Stylish_D/featured;;;;
;https://www.youtube.com/watch?v;dxHedIOsf7g&list;PLlIieQ1fBIpqZxCm5J5dZAjB78PSNb7yx;Playlist;Stylish D;Stylish D;Kleermaker;https://www.youtube.com/@Stylish_D/featured;;;;
;https://www.youtube.com/watch?v;r7ZH-Yo-jHw&list;PLlIieQ1fBIpqEwjnby1kQOpBOrVaNjRhQ;Playlist;Stylish D;Stylish D;Kleermaker;https://www.youtube.com/@Stylish_D/featured;;;;
;https://www.youtube.com/watch?v;8TsWXB2LLFQ&list;PLIsuK174968wJ1tx9gYliLQkyO_M3h0an;Playlist;Hugo Jacomet;SARTORIAL;Kleermaker;https://www.youtube.com/@SARTORIALTALKS/featured;;;;
;https://www.youtube.com/watch?v;JCAm_nqRmKg&list;PLIsuK174968xHHu73KXdZrSD3PPhi_RTb;Playlist;Hugo Jacomet;SARTORIAL;Kleermaker;https://www.youtube.com/@SARTORIALTALKS/featured;;;;
;https://www.youtube.com/watch?v;gH_vvsIYgx4&list;PLIsuK174968xYp6IGs4xzm1TXSgqyRnLn;Playlist;Hugo Jacomet;SARTORIAL;Schoenmaker;https://www.youtube.com/@SARTORIALTALKS/featured;;;;
;https://www.youtube.com/watch?v;D_W9sZ8S7RM&list;PLtG4P3lq8RHFRfdirLJKk822fwOxR6Zn6;Playlist;Stan Prokopenko;Proko;Illustrator;https://www.youtube.com/@ProkoTV;;;;
;https://www.youtube.com/watch?v;74HR59yFZ7Y&list;PLtG4P3lq8RHGuMuprDarMz_Y9Fbw_d2ws;Playlist;Stan Prokopenko;Proko;Illustrator;https://www.youtube.com/@ProkoTV;;;;
;https://www.youtube.com/watch?v;z-pgXVGpQ4g&list;PL4gc4SFpkNLxBE0i8Jn4HiZzvIhS_bopj;Playlist;Corry Raymond;Wedio;Schrijver;https://www.youtube.com/@Wedio_community/featured;;;;
;https://www.youtube.com/watch?v;gzjasvooSG8&list;PL74YUbdVlea57h0XpTV_3iB3wiEOKPllC;Playlist;Carlo atendido;DJ Carlo;DJ;https://www.youtube.com/@djcarlo/featured;;;;
;https://www.youtube.com/watch?v;oTI5ykEfYKE&list;PLIg0Lz0SYgKJ7ftcOgejXL81kGgfrHXoK;Playlist;Joey Santos;Digital DJ Tips;DJ;https://www.youtube.com/@digitaldjtips;;;;
;https://www.youtube.com/watch?v;QLZXh_sBTqw&list;PLm8kQbauoU-DRRmSowPYFAzG75h76YLoN;Playlist;Crossfader;Crossfader;DJ;https://www.youtube.com/@Crossfader/featured;;;;
;https://www.youtube.com/watch?v;FBci62dfqaY&list;PLgSUZKLPRI9sQzMaBiAaZngDpP702yM2F;Playlist;BiggerPockets;BiggerPockets;Vastgoed;https://www.youtube.com/@biggerpockets/featured;;;;
;https://www.youtube.com/watch?v;pgEoqqFBUyI&list;PL-okcLQEqzRHZPsJmzi1TzxC8e-wUyyvt;Playlist;Ashley Kehr;Real Estate Rookie;Vastgoed;https://www.youtube.com/@RealEstateRookie/featured;;;;
;https://www.youtube.com/watch?v;1VQ3ns_ydMo&list;PL-okcLQEqzRHrYwMmBg4sAKG4dzr-NKCI;Playlist;Ashley Kehr;Real Estate Rookie;Vastgoed;https://www.youtube.com/@RealEstateRookie/featured;;;;
;https://www.youtube.com/watch?v;0mQgtO9JdnM&list;PL-okcLQEqzRF1F5DV2wTsK8_2iHwd1nYY;Playlist;Tony Robinson;Real Estate Rookie;Vastgoed;https://www.youtube.com/@RealEstateRookie/featured;;;;
;https://www.youtube.com/watch?v;ZL8c8ZpXcEg&list;PLNeFpbTnJYLyuzFQuXbdtnAGGrg3piVVH;Playlist;Kirby Allison;Kirby Allison;Barbier;https://www.youtube.com/@kirbyallison/featured;;;;
;https://www.youtube.com/watch?v;TknkVp8VALc&list;PLNeFpbTnJYLwz1DQoQVknHlNW5k_0oLro;Playlist;Kirby Allison;Kirby Allison;Kleding / mode;https://www.youtube.com/@kirbyallison/featured;;;;
;https://www.youtube.com/watch?v;m7WEn-U3KxA&list;PLNeFpbTnJYLyDhqSgyGsRl2-ev84A-pSd;Playlist;Kirby Allison;Kirby Allison;Kleermaker;https://www.youtube.com/@kirbyallison/featured;;;;
;https://www.youtube.com/watch?v;TG8-L0TeYto&list;PLNeFpbTnJYLy2xykI99zZs8dn8MU7BPxa;Playlist;Kirby Allison;Kirby Allison;Kleding / mode;https://www.youtube.com/@kirbyallison/featured;;;;
;https://www.youtube.com/watch?v;aeB9X6GC1qM&list;PLNeFpbTnJYLwL02z7sQPGl82_y_aC5sb-;Playlist;Kirby Allison;Kirby Allison;Schoenmaker;https://www.youtube.com/@kirbyallison/featured;;;;
;https://www.youtube.com/watch?v;LivZUqG5G7M&list;PLFrJUJrS_Uvvta0ewN5z0wWtQptbzNLeP;Playlist;FoodTube;FoodTube;"Koken; Chef kok";https://www.youtube.com/@foodtube/about;;;;
;https://www.youtube.com/watch?v;SLP0zdz2hR8&list;PLFrJUJrS_Uvv1zHLDRPf3ci6Vk_dWZiWv;Playlist;FoodTube;FoodTube;"Koken; Chef kok";https://www.youtube.com/@foodtube/about;;;;
;https://www.youtube.com/watch?v;JTuuyhKWzNQ&list;PLFrJUJrS_UvtDXBdWlwz8u4Wb3X4_gZ6S;Playlist;FoodTube;FoodTube;"Koken; Chef kok";https://www.youtube.com/@foodtube/about;;;;
;https://www.youtube.com/watch?v;OQsTKNjUQes&list;PLFrJUJrS_UvvXk_gmyQwu9t2bQ_Ma5ipm;Playlist;FoodTube;FoodTube;"Koken; Chef kok";https://www.youtube.com/@foodtube/about;;;;
;https://www.youtube.com/watch?v;WIox4TpJwFk&list;PLFrJUJrS_Uvuuk1ubROz9PUoaQHvbpv85;Playlist;FoodTube;FoodTube;Cocktails;https://www.youtube.com/@foodtube/about;;;;
;https://www.youtube.com/watch?v;InoB67MDe-4&list;PLFrJUJrS_UvtK_uz5DQ0bZFDzlClqPPDJ;Playlist;Harold Hamersma;FoodTube;Wijn;https://www.youtube.com/@foodtube/about;;;;
;https://www.youtube.com/watch?v;jaXY5dQ-E0U&list;PLFrJUJrS_UvtFG6C4P3ToshafHg0lqOa8;Playlist;FoodTube;FoodTube;"Koken; Chef kok; bakker";https://www.youtube.com/@foodtube/about;;;;
;https://www.youtube.com/watch?v;oQTiQ22mTPw&list;PLFrJUJrS_Uvu37c55n4TZ-8658QoabBzD;Playlist;Niven Kunz;FoodTube;"Groenteteler; Koken; Chef kok";https://www.youtube.com/@foodtube/about;;;;
;https://www.youtube.com/watch?v;JSaufTN3PhA&list;PLFrJUJrS_UvuEUxmd-uQQ3mleVoM-UUKW;Playlist;Leonardo Pacenti;FoodTube;Pizzabakker;https://www.youtube.com/@foodtube/about;;;;
;https://www.youtube.com/watch?v;BX-knKO7ixg&list;PLFrJUJrS_UvvGrLJCAqbfobzIg3VEx-jp;Playlist;FoodTube;FoodTube;Koken;https://www.youtube.com/@foodtube/about;;;;
;https://www.youtube.com/watch?v;oSf9ZpnVH8M&list;PLFrJUJrS_UvuXPmpuOecVU_Su35A2AG8M;Playlist;FoodTube;FoodTube;"Koken; Chef kok";https://www.youtube.com/@foodtube/about;;;;
;https://www.youtube.com/watch?v;Ltc82cpHRqI&list;PLFrJUJrS_UvtlssxDSb0wfSyXfulrl49H;Playlist;Esther Gerlsma;FoodTube;"Koken; Chef kok";https://www.youtube.com/@foodtube/about;;;;
;https://www.youtube.com/watch?v;VoyaxicuUWo&list;PL4gc4SFpkNLys37HvS2AsWR73xvYPugNb;Playlist;Ása Steinars;Wedio;Helicopter vliegen;https://www.youtube.com/@Wedio_community/featured;;;;
;https://www.youtube.com/watch?v;0WPNVHZmYE8;PLT1F2nOxLHOefj_z54LNBpnASnIROm43e;Playlist;Daniel Naroditsky;Daniel Naroditsky;Schaken;;;;;
;https://www.youtube.com/watch?v;R2skmBe07aQ;PLT1F2nOxLHOfQ-eoJTpyvKkQFwYewDduj;Playlist;Daniel Naroditsky;Daniel Naroditsky;Schaken;;;;;
;https://www.youtube.com/watch?v;mCsc24k-Q8M;PLBRObSmbZluTCoqlOg-3wEdlyRQLAJ2gs;Playlist;Levy Rozman;GothamChess;Schaken;;;;;
;https://www.youtube.com/watch?v;rmbU97iftC8;PLBRObSmbZluTpMdP-rUL3bQ5GA8v4dMbT;Playlist;Levy Rozman;GothamChess;Schaken;;;;;
;https://www.youtube.com/watch?v;JunKBQcMWeE;PL4KCWZ5Ti2H49s-WEyEWJLUSJ60sNau6g;Playlist;Hikaru Nakamura;GMHikaru;Schaken;;;;;
;https://www.youtube.com/watch?v;H764YiYKV_g;PL4KCWZ5Ti2H6MLqffzyauzbtIapLtKcyy;Playlist;Hikaru Nakamura;GMHikaru;Schaken;;;;;
;https://www.youtube.com/watch?v;atNjqAiqzx8;PLc_D-7JIibmRNR7tmGwxntALqUPM4KWku;Playlist;Wine Folly;Madeline Puckette;Wijn;;;;;
;https://www.youtube.com/watch?v;aUXnZdeZ00o;PLc_D-7JIibmS5wexyxd50J8sqV781C1Rw;Playlist;Wine Folly;Madeline Puckette;Wijn;;;;;
;https://www.youtube.com/watch?v;zjkB_sI3wWA;PLc_D-7JIibmT_prcceyF7C6AgDNP1IjpN;Playlist;Wine Folly;Madeline Puckette;Wijn;;;;;
;https://www.youtube.com/watch?v;#NOM?;PLc_D-7JIibmR09YmVNiId_1_c8ZQ3ojhz;Playlist;Wine Folly;Madeline Puckette;Wijn;;;;;
;https://www.youtube.com/watch?v;;qnWwVXgzrT0&t=57s;Video;Neelie Verlinden;AIHR | Academy to Innovate HR;Human Resources /Workforce management;https://www.youtube.com/@AIHRAcademytoInnovateHR;;FALSE;;
;https://www.youtube.com/watch?v;;645lduqK80A;;;;;;;FALSE;;
;https://www.youtube.com/watch?v;;qJYFRHgAs8Y;Video;Neelie Verlinden & Erik van Vulpen ;AIHR | Academy to Innovate HR;Human Resources /Workforce management;https://www.youtube.com/@AIHRAcademytoInnovateHR;;FALSE;;
;https://www.youtube.com/watch?v;;PLHVWKzfzy7iOu6rOUG7OjQiU0nl7siexc;Playlist;Neelie Verlinden;AIHR | Academy to Innovate HR;Human Resources /Workforce management;https://www.youtube.com/@AIHRAcademytoInnovateHR;;FALSE;;
;https://www.youtube.com/watch?v;;PLHVWKzfzy7iNh5jMEuByDb_-Jvd-BuwsJ;Playlist;Erik van Vulpen & Dieter Veldsman ;AIHR | Academy to Innovate HR;Human Resources /Talent management;https://www.youtube.com/@AIHRAcademytoInnovateHR;;FALSE;;
;https://www.youtube.com/watch?v;;PLHVWKzfzy7iPpRcMfEAbdzUOf8ieLep2V;Playlist;Dr Dieter Veldsman ;AIHR | Academy to Innovate HR;Human Resources /Workforce management;https://www.youtube.com/@AIHRAcademytoInnovateHR;;FALSE;;
;https://www.youtube.com/watch?v;;V7pf3oT2_dE;Video;Anne Morriss ;TED;Problem solving/ Practical;https://www.youtube.com/@TED;;FALSE;;
;https://www.youtube.com/watch?v;;PLAWu34VO7OtLPBbWtO_Zt2su0vhwTAlVx;Podcast/ Playlist;Dan Jørgensen;TED;Agricultural / Green/ Greenkeeper;https://www.youtube.com/@TEDAudioCollective;;FALSE;;
;https://www.youtube.com/watch?v;;tEPEHpgK09Q;Video;Collins Key;TEDx Talks;Problem solving/ Practical;https://www.youtube.com/@TEDx;;FALSE;;
;https://www.youtube.com/watch?v;;PLozb1R7B1GKzlc1IKehQ2_0q_Kfdg48wK;Playlist;Dr Ahmed Safa;Dental courses - Talbesa;Health;https://www.youtube.com/@Dr.Ahmed_safa;;FALSE;;
;https://www.youtube.com/watch?v;;PL8dPuuaLjXtPjQj_LcJ0Zvj-VI3sslJyF;Playlist;Vanessa Hill;CrashCourse ;Health;https://www.youtube.com/@crashcourse;;FALSE;;
;https://www.youtube.com/watch?v;;PLwdnzlV3ogoVhUuHDwFHzCj325BtEGZei;Playlist;Dr ilwar Husain;NPTEL IIT Guwahati;Health;https://www.youtube.com/@npteliitguwahati8283;;FALSE;;
;https://www.youtube.com/watch?v;;PL1O57nCUQ-e8HXQ4sFMhjCWCtB0czLEOP;Playlist;Young Entrepreneurs Forum;Young Entrepreneurs Forum;Management/Leardership/ Proactivity;https://www.youtube.com/@Youngentrepreneursforum;;FALSE;;
;https://www.youtube.com/watch?v;;PLjjVfXgqEfhgAsGI_9S2NvzkEjbCYxUkm;Playlist;Dr. LuAnn Helms;aggiementalhealth;Management/Leardership/ Proactivity;https://www.youtube.com/@aggiementalhealth/playlists;;FALSE;;
;https://www.youtube.com/watch?v;;PLjJtOP3StIuURSU5nmvDVZhSR8Ibr7NHK;Playlist;Michelle Lee;AboutKidsHealth;Health;https://www.youtube.com/@aboutkidshealth;;FALSE;;
;https://www.youtube.com/watch?v;;PLjJtOP3StIuXJh-Edu78v4AlsBO5p6n6f;Playlist;Michelle Lee;AboutKidsHealth;Health;https://www.youtube.com/@aboutkidshealth;;FALSE;;
;https://www.youtube.com/watch?v;;PLF_-tIFq2lArLgE2O11X-cCmIBp9kgk1O;Playlist;Nucleus Medical Media ;Nucleus Medical Media ;Health;https://www.youtube.com/@nucleusmedicalmedia;;FALSE;;
;https://www.youtube.com/watch?v;;PLp6o7Vy1aS_X3YAB8rzu2g01VwfZ67gEg;Playlist;Crafty Patti;Crafty Patti;Crafts/swing;https://www.youtube.com/@CraftyPattiArtsCrafts;;FALSE;;
;https://www.youtube.com/watch?v;;PLp6o7Vy1aS_Wwcx5PPJgmzcYYudPfIcAu;Playlist;Crafty Patti;Crafty Patti;Crafts/swing;https://www.youtube.com/@CraftyPattiArtsCrafts;;FALSE;;
;https://www.youtube.com/watch?v;;PLp6o7Vy1aS_WYtpQVrdMbB6WeX4KfBUQz;Playlist;Crafty Patti;Crafty Patti;Crafts/swing;https://www.youtube.com/@CraftyPattiArtsCrafts;;FALSE;;
;https://www.youtube.com/watch?v;;PLp6o7Vy1aS_W5yJ11mRQOe7HqInBgbpcx;Playlist;Crafty Patti;Crafty Patti;Crafts/swing;https://www.youtube.com/@CraftyPattiArtsCrafts;;FALSE;;
;https://www.youtube.com/watch?v;;PLp6o7Vy1aS_UotePdoMLO-cK4j9NPTv_P;Playlist;Crafty Patti;Crafty Patti;Crafts/swing;https://www.youtube.com/@CraftyPattiArtsCrafts;;FALSE;;
;https://www.youtube.com/watch?v;;PLEmTTOfet46PvAsPpWByNgUWZ5dLJd_I4;Playlist;Dan Lok;"Dan Lok
";Sales/retail;https://www.youtube.com/@DanLok;;FALSE;;
;https://www.youtube.com/watch?v;;PLjkaUn6QNTZRFNiu0a8z3QmioVuZhWob2;Playlist;Alex Hormozi;Alex Hormozi;Sales/retail;https://www.youtube.com/@AlexHormozi;;FALSE;;
;https://www.youtube.com/watch?v;;PLEmTTOfet46PQe4ybpOsQqGv8FspX0rvn;Playlist;Dan Lok;"Dan Lok
";Sales;https://www.youtube.com/@DanLok;;FALSE;;
;https://www.youtube.com/watch?v;;PLEmTTOfet46MT9KTa9gHglttViUgPP5AC;Playlist;Dan Lok;"Dan Lok
";Management/Leardership/ Proactivity;https://www.youtube.com/@DanLok;;FALSE;;
;https://www.youtube.com/watch?v;;PLEmTTOfet46PHB5PQ7BaAzJmLpy0vpICa;Playlist;Dan Lok;"Dan Lok
";Management/Leardership/ Proactivity;https://www.youtube.com/@DanLok;;FALSE;;
;https://www.youtube.com/watch?v;;PLEmTTOfet46Pv_5rKpax_QLG0RpzFbdZj;Playlist;Dan Lok;"Dan Lok
";Management/Leardership/ Proactivity;https://www.youtube.com/@DanLok;;FALSE;;
;https://www.youtube.com/watch?v;;PLJF0lZ9q8zL3kr9OiOjIPdT0g_lLFtW72;Playlist;Sean Counceller ; Ethan Kopit ; Jack Coopersmith ; Matt Schnitt ; Ryan Gunn ;HubSpot;;
;https://www.youtube.com/watch?v;;PLJF0lZ9q8zL10vIreEkpWKBWcHKlIyyct;Playlist;Marc Hans ; Adriti Gulati ; Kyle Jepson;HubSpot;;;;
;https://www.youtube.com/watch?v;;PLJF0lZ9q8zL0wIBWkKm4_u7t5Kj-bKxEm;Playlist;Kyle Jepson ; Christine ; Jorie ; Marc Hans ; Adriti Gulati ;  Matt Roe;HubSpot;
;https://www.youtube.com/watch?v;;PLJF0lZ9q8zL200J9jwtp4D9Kj6cbSZ1dE;Playlist;Nick Decoulos ; Jorie ; Marc Hans ; Adriti Gulati ; Kyle Jepson ;HubSpot;;
;https://www.youtube.com/watch?v;;PLJF0lZ9q8zL3Xp008trq_dt-f3xPW7_Jv;Playlist;HubSpot;HubSpot;;;;;;
;https://www.youtube.com/watch?v;;PLJF0lZ9q8zL16vyA58tZPhxIJJ73JNoTo;Playlist;Jorie ; Marc Hans ; Adriti Gulati ; Devyn Bellami ; Dylan Sellberg ; Christine ; Dharmesh;HubSpot
;https://www.youtube.com/watch?v;;PLJF0lZ9q8zL0aCRV5TJHzPc9GrejJ6OHL;Playlist;Amanda Althaus;HubSpot;;;;;;
;https://www.youtube.com/watch?v;;PLJF0lZ9q8zL1HBgopaS0ocYTTS3bJluP8;Playlist;"Jeff Harper ; Ryan Gunn; Carl Bouckaert";HubSpot;;;;;;
;https://www.youtube.com/watch?v;;PLJF0lZ9q8zL1V_Yb2OLIxRQbK8CvnIfmy;Playlist;Marc Hans ; Adriti Gulati ; Kyle Jepson ;HubSpot;;;;
;https://www.youtube.com/watch?v;;PLJF0lZ9q8zL1gWlmtSOTl597qNKy__ful;Playlist;HubSpot;HubSpot;;;;;;
;https://www.youtube.com/watch?v;;PLJF0lZ9q8zL2-AORTANs1di_x3uakQLxa;Playlist;"Adriti Gulati ; Kyle Jepson  ;  Devyn Bellami ; Marc Hans ; Nick Decoulos; Adam Stevenson ";HubSpot;;;;;;
;https://www.youtube.com/watch?v;;PLJF0lZ9q8zL0N8lseMflS5lHOUH9QG0J7;Playlist;" Kyle Jepson  ;  Devyn Bellami ; Marc Hans ; Nick Decoulos; Brooke ;Cara ; Jorie ";HubSpot;;;;;;
;https://www.youtube.com/watch?v;;PLJF0lZ9q8zL0utmD4DZE9B-y-QAWMQgIj;Playlist;HubSpot;HubSpot;;;;;;
;https://www.youtube.com/watch?v;;PLlw9qxNtFom31wZ-YDGXwPrA3R8pkefL5;Playlist;HubSpot;HubSpot;;;;;;
;;;;;;;;;;;;
;https://www.youtube.com/watch?v;;PLXPr7gfUMmKyscpUavwyQpdHDhwpJXICb;Playlist;Microsoft;Microsoft;System administrator;;;;;
;https://www.youtube.com/watch?v;;PLXPr7gfUMmKxIo0eqzhMEb8-yoWg8STk1;Playlist;Microsoft;Microsoft;System integration;;;;;
;https://www.youtube.com/watch?v;;PLXPr7gfUMmKxS1SYNgDaQY-9Q6cOqFxvG;Playlist;Microsoft;Microsoft;System integration;;;;;
;https://www.youtube.com/watch?v;;PLXPr7gfUMmKw5b8C8YnslbY64RB4zLl3j;Playlist;Microsoft;Microsoft;System integration;;;;;
;https://www.youtube.com/watch?v;;PLXPr7gfUMmKysIDNL4IpRvODHKy8wScs1;Playlist;Microsoft;Microsoft;System integration;;;;;
;https://www.youtube.com/watch?v;;PLXPr7gfUMmKzyLnV3rVSy1VzeZfrdKHjA;Playlist;Microsoft;Microsoft;System integration;;;;;
;https://www.youtube.com/watch?v;;PLXPr7gfUMmKxqR7Mv0_gFpLQG-Dz7lnKZ;Playlist;Microsoft;Microsoft;System integration;;;;;
;https://www.youtube.com/watch?v;;PLXPr7gfUMmKxqfjmlQS6ZnTpaILwxSxsg;Playlist;Microsoft;Microsoft;System integration;;;;;
;https://www.youtube.com/watch?v;;PLXPr7gfUMmKwA8SXgFK4B9FyOdfVacX2X;Playlist;Microsoft;Microsoft;System integration;;;;;
;https://www.youtube.com/watch?v;;PLXPr7gfUMmKwIG_0Gt5roE6wRBEenu_Dg;Playlist;Microsoft;Microsoft;System integration;;;;;
;https://www.youtube.com/watch?v;;PLXPr7gfUMmKxL4B1cijy62ClsBMJBsCFZ;Playlist;Microsoft;Microsoft;System integration;;;;;
;https://www.youtube.com/watch?v;;PLXPr7gfUMmKxMITrdcg-B9Tn6ogLmbqET;Playlist;Microsoft;Microsoft;System integration;;;;;
;https://www.youtube.com/watch?v;;PLXPr7gfUMmKyIWDnN-zr6xCV2U9AMoYey;Playlist;Microsoft;Microsoft;System integration;;;;;
;https://www.youtube.com/watch?v;;PLXPr7gfUMmKwgDbqbBpm4qn1xqe93RTLT;Playlist;Microsoft;Microsoft;System integration;;;;;
;https://www.youtube.com/watch?v;;PLXPr7gfUMmKwcX7NrvLIKnomKOIknkH5K;Playlist;Microsoft;Microsoft;;;;;;
;https://www.youtube.com/watch?v;;PLXPr7gfUMmKxJqvWQYhwEXZ8wPp3nkzb0;Playlist;Microsoft;Microsoft;;;;;;
;https://www.youtube.com/watch?v;;PLXPr7gfUMmKzzWSfsMWe0VaozWXfrqX2v;Playlist;Microsoft;Microsoft;;;;;;
;https://www.youtube.com/watch?v;;PLXPr7gfUMmKzKw4JR93Hsq8xhP0gz_vqG;Playlist;Microsoft;Microsoft;;;;;;
;https://www.youtube.com/watch?v;;PLXPr7gfUMmKxt3hXLY-RSTXX-dTdoiL0R;Playlist;Microsoft;Microsoft;;;;;;
;https://www.youtube.com/watch?v;;PLXPr7gfUMmKwU6YSQemkQS8LxcJu4r6lQ;Playlist;Microsoft;Microsoft;;;;;;
;https://www.youtube.com/watch?v;;PLXPr7gfUMmKyKzu9RC7c0M7VWiyt4lxRC;Playlist;Microsoft;Microsoft;;;;;;
;https://www.youtube.com/watch?v;;PLXPr7gfUMmKxDKxah3zpG4NhhDj-2lAvc;Playlist;Microsoft;Microsoft;;;;;;
;https://www.youtube.com/watch?v;;PLXPr7gfUMmKw0XNbap-bdhlDrfd_GGEcG;Playlist;Microsoft;Microsoft;;;;;;
;https://www.youtube.com/watch?v;;PLXPr7gfUMmKyVA2P71HDUDwBU8UEuEkvb;Playlist;Microsoft;Microsoft;;;;;;
;https://www.youtube.com/watch?v;;PLXPr7gfUMmKyxO8A7r0xAA0Hve1YE8zoP;Playlist;Microsoft;Microsoft;;;;;;
;https://www.youtube.com/watch?v;;PLXPr7gfUMmKyj0v_ey5WbMRdNgfi8ILML;Playlist;Microsoft;Microsoft;;;;;;
;https://www.youtube.com/watch?v;;PLXPr7gfUMmKxAiRJt6RpMbFH7n8iSLJNB;Playlist;Microsoft;Microsoft;;;;;;
;https://www.youtube.com/watch?v;;PLXPr7gfUMmKz3GtxqXlj9eR3zBFoykdh0;Playlist;Microsoft;Microsoft;;;;;;
;https://www.youtube.com/watch?v;;PLXPr7gfUMmKzuqYwbbAjAXuUP0MDiTAME;Playlist;Microsoft;Microsoft;;;;;;
;https://www.youtube.com/watch?v;;PLXPr7gfUMmKwPic8hwYBX2I7dSqtlHb9L;Playlist;Microsoft;Microsoft;;;;;;
;https://www.youtube.com/watch?v;;PLXPr7gfUMmKwyloVDDJEe16f847oAFflU;Playlist;Microsoft;Microsoft;;;;;;
;https://www.youtube.com/watch?v;;PLXPr7gfUMmKyf3-7Acn59TbU1grX9V2_X;Playlist;Microsoft;Microsoft;;;;;;
;https://www.youtube.com/watch?v;;PLXPr7gfUMmKwoAfnP50sP4MDG4i1L2BHB;Playlist;Microsoft;Microsoft;;;;;;
;https://www.youtube.com/watch?v;;PLXPr7gfUMmKxiI-hk9UiqSqZzWNwAFPYb;Playlist;Microsoft;Microsoft;;;;;;
;https://www.youtube.com/watch?v;;PLXPr7gfUMmKx326TlpOnbmlCEAtZfbPhM;Playlist;Microsoft;Microsoft;;;;;;
;https://www.youtube.com/watch?v;;PLXPr7gfUMmKzNrmSfHf4KoXosktOrhBoY;Playlist;Microsoft;Microsoft;;;;;;
;https://www.youtube.com/watch?v;;PLXPr7gfUMmKzRerR2cpPX6Lvi9IAyFhQL;Playlist;Microsoft;Microsoft;;;;;;
;https://www.youtube.com/watch?v;;PLXPr7gfUMmKyOMP0iml2-iCqf4l3Anx3o;Playlist;Microsoft;Microsoft;;;;;;
;https://www.youtube.com/watch?v;;PLXPr7gfUMmKz1ML1dlduyxo6EPwPfT4iy;Playlist;Microsoft;Microsoft;;;;;;
;https://www.youtube.com/watch?v;;PLXPr7gfUMmKwYuvq-VCwcxmpGm2hlqOWi;Playlist;Microsoft;Microsoft;;;;;;
;https://www.youtube.com/watch?v;;PLXPr7gfUMmKwrUrRNgLD7CNnq1u-6YMk_;Playlist;Microsoft;Microsoft;;;;;;
;https://www.youtube.com/watch?v;;PLXPr7gfUMmKw1WXGXpFVTb-vvbRcXw7Eg;Playlist;Microsoft;Microsoft;;;;;;
;https://www.youtube.com/watch?v;;PLXPr7gfUMmKxI6b9JREo_VUhAoLMCgD7W;Playlist;Microsoft;Microsoft;;;;;;
;https://www.youtube.com/watch?v;;PL66F62F9E936D9077;Playlist;Microsoft;Microsoft;;;;;;
;https://www.youtube.com/watch?v;;PLXPr7gfUMmKzQSS-7-3RUAHEoxg4af7Jy;Playlist;Microsoft;Microsoft;;;;;;
;https://www.youtube.com/watch?v;;PLXPr7gfUMmKyuS8T9gsJ4JZNFOWWRAQml;Playlist;Microsoft;Microsoft;;;;;;
;https://www.youtube.com/watch?v;;PLXPr7gfUMmKx15vKZ0QAFqdffzXumLBGD;Playlist;Microsoft;Microsoft;;;;;;
;https://www.youtube.com/watch?v;;PLXPr7gfUMmKwAtAo29wJfui8VOsghS_ss;Playlist;Microsoft;Microsoft;;;;;;
;https://www.youtube.com/watch?v;;PLXPr7gfUMmKztXv7FZPd8Gt4E59Jwgjx9;Playlist;Microsoft;Microsoft;;;;;;
;https://www.youtube.com/watch?v;;PLXPr7gfUMmKyg7Z4zFleJghQbOkGk7Irw;Playlist;Microsoft;Microsoft;;;;;;
;https://www.youtube.com/watch?v;;PLpJJGMfCMsrXjzelJWSKBI9oYjwVn52PE;Playlist;Microsoft;Microsoft;;;;;;
;https://www.youtube.com/watch?v;;PLXPr7gfUMmKzSFm_ieH7bjy5TCSluT5IH;Playlist;Microsoft;Microsoft;;;;;;
;https://www.youtube.com/watch?v;;PLXPr7gfUMmKzRWQe7d3Mc7y0pvvEEJVbC;Playlist;Microsoft;Microsoft;;;;;;
;https://www.youtube.com/watch?v;;PLXPr7gfUMmKwT23Oz5XWHZLvSymhl9Jh3;Playlist;Microsoft;Microsoft;;;;;;
;https://www.youtube.com/watch?v;;PLXPr7gfUMmKy4He-w9i0Y57n6OR39r8Ir;Playlist;Microsoft;Microsoft;;;;;;
;https://www.youtube.com/watch?v;;PLXPr7gfUMmKx_DDFNg7N0PYWIpI4hrFxU;Playlist;Microsoft;Microsoft;;;;;;
;https://www.youtube.com/watch?v;;PLXPr7gfUMmKz1-qmbh-RINwZRSMF82sAS;Playlist;Microsoft;Microsoft;;;;;;
;https://www.youtube.com/watch?v;;PLXPr7gfUMmKzeio6PXgLWqLIo_BioIRha;Playlist;Microsoft;Microsoft;;;;;;
;https://www.youtube.com/watch?v;;PLXPr7gfUMmKzROmi2PfaSaJ5UH_RQ4QuN;Playlist;Microsoft;Microsoft;;;;;;
;https://www.youtube.com/watch?v;;PLXPr7gfUMmKzZr-TNe0mk3NnVGMSS-dz_;Playlist;Microsoft;Microsoft;;;;;;
;https://www.youtube.com/watch?v;;PLWs4_NfqMtoyrPMd-EfANZwPMjZaozaME;Playlist;Microsoft;Microsoft;;;;;;
;https://www.youtube.com/watch?v;;PLWs4_NfqMtoyxhRuVpSQlyOOnqnABLDYY;Playlist;Microsoft;Microsoft;;;;;;
;https://www.youtube.com/watch?v;;PLWs4_NfqMtoxNnBdhtkfICE8hNURClWOP;Playlist;Microsoft;Microsoft;;;;;;
;https://www.youtube.com/watch?v;;PLWs4_NfqMtozlCfvvOEzTTqGK7leB6NlU;Playlist;Microsoft;Microsoft;;;;;;
;;;;;;;;;;;;
;https://www.youtube.com/watch?v;;PL3ZRUb1AKkpSPGLSU7Mp1UFsLpZYUPGpk;Playlist;SAP;SAP;;;;;;
;https://www.youtube.com/watch?v;;PL3ZRUb1AKkpSwt6YlzP17ATlnbGrgPoM6;Playlist;SAP;SAP;;;;;;
;https://www.youtube.com/watch?v;;PL3ZRUb1AKkpSvZvAFw2Jecy2lwMsSylcD;Playlist;SAP;SAP;;;;;;
;https://www.youtube.com/watch?v;;PL3ZRUb1AKkpSPH75Y8IMLoGIhcPdw63G5;Playlist;SAP;SAP;;;;;;
;https://www.youtube.com/watch?v;;PL3ZRUb1AKkpTTWRirjz3_wKABJEprkyFg;Playlist;SAP;SAP;;;;;;
;https://www.youtube.com/watch?v;;PL3ZRUb1AKkpQn2tRBmFkMvxog-cGdU8g-;Playlist;SAP;SAP;;;;;;
;https://www.youtube.com/watch?v;;PL3ZRUb1AKkpSAbEZYxC0AeiKdXPH5GcSy;Playlist;SAP;SAP;;;;;;
;https://www.youtube.com/watch?v;;PL3ZRUb1AKkpQ3wdOrx1wEkrpKXkLF5lH1;Playlist;SAP;SAP;;;;;;
;https://www.youtube.com/watch?v;;PL3ZRUb1AKkpRFJ_obtV0YJ8nfcLg7yzww;Playlist;SAP;SAP;;;;;;
;https://www.youtube.com/watch?v;;PL3ZRUb1AKkpR4g4NZkwxiKWuq37u2YjDZ;Playlist;SAP;SAP;;;;;;
;https://www.youtube.com/watch?v;;PL3ZRUb1AKkpSzX7EB20_UBxMyXGpoDlfb;Playlist;SAP;SAP;;;;;;
;https://www.youtube.com/watch?v;;PL3ZRUb1AKkpTh4KEu0cHkpnBwg22uoyTQ;Playlist;SAP;SAP;;;;;;
;https://www.youtube.com/watch?v;;PL3ZRUb1AKkpRba-Kx59pVN4dV6H3YqX44;Playlist;SAP;SAP;;;;;;
;https://www.youtube.com/watch?v;;PL3ZRUb1AKkpSc1vElWivWCzzib4ohVPBJ;Playlist;SAP;SAP;;;;;;
;https://www.youtube.com/watch?v;;PL3ZRUb1AKkpQGzp89CRxb59xy-Jnj3hjE;Playlist;SAP;SAP;;;;;;
;https://www.youtube.com/watch?v;;PL3ZRUb1AKkpTGVahCiO9ENYEj0d6t7mGT;Playlist;SAP;SAP;;;;;;
;https://www.youtube.com/watch?v;;PL3ZRUb1AKkpT-HF5g4DVVnWh6EQDK-a7j;Playlist;SAP;SAP;;;;;;
;;;;;;;;;;;;
;https://www.youtube.com/watch?v;;PLnobS_RgN7JaIk0jYLc9C6vf9gGZMrEkm;Playlist;Salesforce;Salesforce;;;;;;
;https://www.youtube.com/watch?v;;PLnobS_RgN7Ja-kEYeJ2Z6DoHIkHQjaPRj;Playlist;Salesforce;Salesforce;;;;;;
;https://www.youtube.com/watch?v;;PLnobS_RgN7Jb5C4Kr9MYLZQmKR4M_ytd6;Playlist;Salesforce;Salesforce;;;;;;
;https://www.youtube.com/watch?v;;PLnobS_RgN7JYMOm2Ko965Y911R30OTug3;Playlist;Salesforce;Salesforce;;;;;;
;https://www.youtube.com/watch?v;;PLnobS_RgN7JafnFvFPYNxb37rGwg_b_nQ;Playlist;Salesforce;Salesforce;;;;;;
;https://www.youtube.com/watch?v;;PLnobS_RgN7JbgxeARWUR6GagK_nkmICSs;Playlist;Salesforce;Salesforce;;;;;;
;https://www.youtube.com/watch?v;;PLnobS_RgN7JafttaOsxPkWEHv1iAbHr4R;Playlist;Salesforce;Salesforce;;;;;;
;https://www.youtube.com/watch?v;;PLnobS_RgN7JbpPUWxFjyPswhOEGWZOuYo;Playlist;Salesforce;Salesforce;;;;;;
;https://www.youtube.com/watch?v;;PLnobS_RgN7JYGtdtJ1Ar3TkrFkxWWqdWi;Playlist;Salesforce;Salesforce;;;;;;
;https://www.youtube.com/watch?v;;PLnobS_RgN7JZubTFpk5W2nGF3jndytUQq;Playlist;Salesforce;Salesforce;;;;;;
;https://www.youtube.com/watch?v;;PLnobS_RgN7JaWa9Y7W-4CukUgOs3catdx;Playlist;Salesforce;Salesforce;;;;;;
;https://www.youtube.com/watch?v;;PLnobS_RgN7JaUbWwK9XcDjSQSc_SyAPZT;Playlist;Salesforce;Salesforce;;;;;;
;https://www.youtube.com/watch?v;;PLnobS_RgN7Jaotxx0GD5yloIR184KgPxn;Playlist;Salesforce;Salesforce;;;;;;
;https://www.youtube.com/watch?v;;PLnobS_RgN7JbJOttLnr9V1p10JJhHD0uY;Playlist;Salesforce;Salesforce;;;;;;
;https://www.youtube.com/watch?v;;PLnobS_RgN7JZk03xP5wG0gFmCx7Dxj69K;Playlist;Salesforce;Salesforce;;;;;;
;https://www.youtube.com/watch?v;;PLnobS_RgN7JaSrqVnEoyNmroe3WwhDAE6;Playlist;Salesforce;Salesforce;;;;;;
;https://www.youtube.com/watch?v;;PLnobS_RgN7JZYrLOCZA-kWo3Twy-XwEpn;Playlist;Salesforce;Salesforce;;;;;;
;https://www.youtube.com/watch?v;;PLnobS_RgN7JZFoMYtCR2YRPBOjsyDefJZ;Playlist;Salesforce;Salesforce;;;;;;
;https://www.youtube.com/watch?v;;PLnobS_RgN7JbWv0e4NTKBdmpxFxaAkZtf;Playlist;Salesforce;Salesforce;;;;;;
;https://www.youtube.com/watch?v;;PLnobS_RgN7JZ3VZ8q0FhCI375CFnzViT9;Playlist;Salesforce;Salesforce;;;;;;
;https://www.youtube.com/watch?v;;PLnobS_RgN7JYAhTiO_thw4Wzx-lVv3BkQ;Playlist;Salesforce;Salesforce;;;;;;
;https://www.youtube.com/watch?v;;PLnobS_RgN7JY58_Oq5LOwjljWjcPElNyT;Playlist;Salesforce;Salesforce;;;;;;
;https://www.youtube.com/watch?v;;PLnobS_RgN7JZbEa2eOLeVj21NuTChDAYm;Playlist;Salesforce;Salesforce;;;;;;
;https://www.youtube.com/watch?v;;PLnobS_RgN7JZI45NsZgooNtkMaUI6DFyp;Playlist;Salesforce;Salesforce;;;;;;
;;;;;;;;;;;;
;https://www.youtube.com/watch?v;;PLcFwxJMrxygAVv2rSz-bOg3s_VyeP5G9x;Playlist;Oracle;Oracle;;;;;;
;https://www.youtube.com/watch?v;;PLcFwxJMrxygD7XDHB6fZ0OvCY4OGN2slT;Playlist;Oracle;Oracle;;;;;;
;https://www.youtube.com/watch?v;;PLcFwxJMrxygAdpFnuydzv4LJXEUPa311c;Playlist;Oracle;Oracle;;;;;;
;https://www.youtube.com/watch?v;;PLcFwxJMrxygAcGh1KXM3kMrbqA4XGK-qN;Playlist;Oracle;Oracle;;;;;;
;https://www.youtube.com/watch?v;;PLcFwxJMrxygAUkT8useahvMsPtyieNsqE;Playlist;Oracle;Oracle;;;;;;
;https://www.youtube.com/watch?v;;PLcFwxJMrxygCqsOunSK9aQlTvYZc-QnT0;Playlist;Oracle;Oracle;;;;;;
;https://www.youtube.com/watch?v;;PLcFwxJMrxygDV-ev_-c49M_zS8IGEgU8t;Playlist;Oracle;Oracle;;;;;;
;https://www.youtube.com/watch?v;;PLcFwxJMrxygBr3YmyYc9_fof4bNFOVNFl;Playlist;Oracle;Oracle;;;;;;
;https://www.youtube.com/watch?v;;PLcFwxJMrxygBftIw8dIq07Xum2eItEtcH;Playlist;Oracle;Oracle;;;;;;
;https://www.youtube.com/watch?v;;PLcFwxJMrxygCz4F6kejz_dB-eWtP9kYce;Playlist;Oracle;Oracle;;;;;;
;https://www.youtube.com/watch?v;;PLcFwxJMrxygAl7i9nIQXasLTMyJjSk8E1;Playlist;Oracle;Oracle;;;;;;
;https://www.youtube.com/watch?v;;PLcFwxJMrxygAkI4rpPP39zJDDryncB_yc;Playlist;Oracle;Oracle;;;;;;
;https://www.youtube.com/watch?v;;PLcFwxJMrxygDYQoU_LUw9M4fNYPD-a7zj;Playlist;Oracle;Oracle;;;;;;
;https://www.youtube.com/watch?v;;PLcFwxJMrxygCar5nRNXUPRJSknKu7lf0J;Playlist;Oracle;Oracle;;;;;;
;https://www.youtube.com/watch?v;;PLcFwxJMrxygBXV_fbbyTCcy-imjkNg_zS;Playlist;Oracle;Oracle;;;;;;
;https://www.youtube.com/watch?v;;PLcFwxJMrxygBW486jQ1Bd0KItTIsJ7Zl8;Playlist;Oracle;Oracle;;;;;;
;https://www.youtube.com/watch?v;;PLcFwxJMrxygDgR9CkSOh__EvBpaHc-bak;Playlist;Oracle;Oracle;;;;;;
;https://www.youtube.com/watch?v;;PLcFwxJMrxygD5IC0c4CBh72giw9tzmOc6;Playlist;Oracle;Oracle;;;;;;
;https://www.youtube.com/watch?v;;PLcFwxJMrxygC_osDCLJvvQj4LIcejikdf;Playlist;Oracle;Oracle;;;;;;
;https://www.youtube.com/watch?v;;PLcFwxJMrxygBLuILd3B86EC7_vhVUxIc1;Playlist;Oracle;Oracle;;;;;;
;https://www.youtube.com/watch?v;;PLcFwxJMrxygB6G4mycKEizCX5GnieDbuu;Playlist;Oracle;Oracle;;;;;;
;https://www.youtube.com/watch?v;;PLcFwxJMrxygD1F2M7lOzGXHzsCW13c0_r;Playlist;Oracle;Oracle;;;;;;
;https://www.youtube.com/watch?v;;PLcFwxJMrxygCZvOTMKX1Qn2qOFfHGtVjz;Playlist;Oracle;Oracle;;;;;;
;https://www.youtube.com/watch?v;;PLcFwxJMrxygBVqeRxAMPRtz1Afz3fj7L9;Playlist;Oracle;Oracle;;;;;;
;https://www.youtube.com/watch?v;;PLcFwxJMrxygA3tC1Xo7A-KhHebaNqVTwb;Playlist;Oracle;Oracle;;;;;;
;https://www.youtube.com/watch?v;;PLcFwxJMrxygCF7JoUR8aQPCecd17yp62o;Playlist;Oracle;Oracle;;;;;;
;https://www.youtube.com/watch?v;;PLcFwxJMrxygCKUZkf5YzVK-UzO2wGUTwI;Playlist;Oracle;Oracle;;;;;;
;https://www.youtube.com/watch?v;;PLcFwxJMrxygCEppGJZwXTBwjxMn3ejv4q;Playlist;Oracle;Oracle;;;;;;
;https://www.youtube.com/watch?v;;PLcFwxJMrxygCzLt6Ct-9fJjWWAfvIyBRM;Playlist;Oracle;Oracle;;;;;;
;https://www.youtube.com/watch?v;;PLcFwxJMrxygCjFKnI7yigDwcsSNcB7epT;Playlist;Oracle;Oracle;;;;;;
;https://www.youtube.com/watch?v;;PLKCk3OyNwIzsGXcLRb__GDJNVTPLqR3kf;Playlist;Oracle;Oracle;;;;;;
;https://www.youtube.com/watch?v;;PLKCk3OyNwIztE3nM9givVYw_CpTIffm3F;Playlist;Oracle;Oracle;;;;;;
;https://www.youtube.com/watch?v;;PLKCk3OyNwIzst5bgunk2NCuwkimvZooHa;Playlist;Oracle;Oracle;;;;;;
;https://www.youtube.com/watch?v;;PLKCk3OyNwIzvZR0-OoTtScm2NNo68gWtq;Playlist;Oracle;Oracle;;;;;;
;https://www.youtube.com/watch?v;;PLKCk3OyNwIzsW4TaYdcCtnDVTz-xXkOLQ;Playlist;Oracle;Oracle;;;;;;
;https://www.youtube.com/watch?v;;PLKCk3OyNwIzvL2cIZri305uCRIo1TmMZW;Playlist;Oracle;Oracle;;;;;;
;https://www.youtube.com/watch?v;;PLKCk3OyNwIzsFLTFIjJa5Iq3z_tzr_9bw;Playlist;Oracle;Oracle;;;;;;
;https://www.youtube.com/watch?v;;PLKCk3OyNwIzvAayq-yQexP5uU93FseLph;Playlist;Oracle;Oracle;;;;;;
;https://www.youtube.com/watch?v;;PLKCk3OyNwIzsGuAWaMCiVrNCdU-2Y0ujg;Playlist;Oracle;Oracle;;;;;;
;https://www.youtube.com/watch?v;;PLKCk3OyNwIztoOgmpazEiigC_COqLMzkL;Playlist;Oracle;Oracle;;;;;;
;https://www.youtube.com/watch?v;;PLKCk3OyNwIzst4RMY50SHAZ2cxD4AHFG5;Playlist;Oracle;Oracle;;;;;;
;https://www.youtube.com/watch?v;;PLKCk3OyNwIzu_Cch2fK2K4yO57d6xT8dt;Playlist;Oracle;Oracle;;;;;;
;;;;;;;;;;;;
;https://www.youtube.com/watch?v;;PLKCk3OyNwIzvt7lGD8fVEeOQbwqhb-KUk;Playlist;Oracle;Oracle;;;;;;
;https://www.youtube.com/watch?v;;PLKCk3OyNwIzvg0s-0YcYOnFqnPMw0eFXG;Playlist;Oracle;Oracle;;;;;;
;https://www.youtube.com/watch?v;;PLKCk3OyNwIzuKFtz_7UQz04yWVzHD71cR;Playlist;Oracle;Oracle;;;;;;
;https://www.youtube.com/watch?v;;PLKCk3OyNwIzttBvqSVbrrsuUmh5TzZjP0;Playlist;Oracle;Oracle;;;;;;
;;;;;;;;;;;;
;https://www.youtube.com/watch?v;;PLH6Be9QWl1ExIn0z5fKTwM9woaqaGxXAR;Playlist;WorkDay;WorkDay;;;;;;
;https://www.youtube.com/watch?v;;PLH6Be9QWl1Ex7HQLVycpRLbD5ZuBun0U_;Playlist;WorkDay;WorkDay;;;;;;
;https://www.youtube.com/watch?v;;PLH6Be9QWl1Ez6nMITMCK-NJZz6TwddwCM;Playlist;WorkDay;WorkDay;;;;;;
;https://www.youtube.com/watch?v;;PLH6Be9QWl1Ey8QUX9mUrinfVJCpibm-9p;Playlist;WorkDay;WorkDay;;;;;;
;https://www.youtube.com/watch?v;;PLH6Be9QWl1Ez6nMITMCK-NJZz6TwddwCM;Playlist;WorkDay;WorkDay;;;;;;
;https://www.youtube.com/watch?v;;PLH6Be9QWl1EwkpEja7STN2rq48A4vGDH8;Playlist;WorkDay;WorkDay;;;;;;
;https://www.youtube.com/watch?v;;PLH6Be9QWl1EwXC6-dwR2jFGHHlkSM-x3n;Playlist;WorkDay;WorkDay;;;;;;
;https://www.youtube.com/watch?v;;PLH6Be9QWl1EzaQuHlgDoGSe0P4w8nKw9C;Playlist;WorkDay;WorkDay;;;;;;
;https://www.youtube.com/watch?v;;PLH6Be9QWl1ExH0L2S69Wrtf7wBMsP7OYT;Playlist;WorkDay;WorkDay;;;;;;
;;;;;;;;;;;;
;https://www.youtube.com/watch?v;;PLutcJfNEwNkTzEZJyPwBu32T_V43of-ES;Playlist;Monday.com ;Monday.com ;;;;;;
;https://www.youtube.com/watch?v;;PLutcJfNEwNkRcY5BWqxGEm-ffTAb2GBM6;Playlist;Monday.com ;Monday.com ;;;;;;
;https://www.youtube.com/watch?v;;PLutcJfNEwNkSUAn71-1HFIp7-rIqXJcji;Playlist;Monday.com ;Monday.com ;;;;;;
;https://www.youtube.com/watch?v;;PLutcJfNEwNkRMsNMeukpjbBCEhTl_ulFs;Playlist;Monday.com ;Monday.com ;;;;;;
;https://www.youtube.com/watch?v;;PLutcJfNEwNkT5y3G8NnI5VMJsIDk_NUZa;Playlist;Monday.com ;Monday.com ;;;;;;
;https://www.youtube.com/watch?v;;PLutcJfNEwNkRcPkCKzReoUQ0lTPkfb9N2;Playlist;Monday.com ;Monday.com ;;;;;;
;https://www.youtube.com/watch?v;;PLutcJfNEwNkRodv4mJlvTUil11kS2FIqC;Playlist;Monday.com ;Monday.com ;;;;;;
;https://www.youtube.com/watch?v;;PLutcJfNEwNkToVsFJXVFFWnH9gvPp_8oX;Playlist;Monday.com ;Monday.com ;;;;;;
;https://www.youtube.com/watch?v;;PLutcJfNEwNkQOXmi2WGfwN6bnhLcT57Iw;Playlist;Monday.com ;Monday.com ;;;;;;
;https://www.youtube.com/watch?v;;PLutcJfNEwNkSpfpkRqouZtOgNJuUucImx;Playlist;Monday.com ;Monday.com ;;;;;;
;https://www.youtube.com/watch?v;;PLutcJfNEwNkQuOuvr-3NxIaYZoiWzEiZU;Playlist;Monday.com ;Monday.com ;;;;;;
;https://www.youtube.com/watch?v;;PLutcJfNEwNkRb7-HWjVLuJl0ExF7Hw4Ae;Playlist;Monday.com ;Monday.com ;;;;;;
;https://www.youtube.com/watch?v;;PLutcJfNEwNkT9P7f2jhorbCsqpK3X5NX9;Playlist;Monday.com ;Monday.com ;;;;;;
;https://www.youtube.com/watch?v;;PLutcJfNEwNkQvXGOE04AzwLtGkH4noPuz;Playlist;Monday.com ;Monday.com ;;;;;;
;https://www.youtube.com/watch?v;;PLutcJfNEwNkTCx1DVuHfYgrJAKRTg2Ztp;Playlist;Monday.com ;Monday.com ;;;;;;
;https://www.youtube.com/watch?v;;PLutcJfNEwNkS-eowKTrMDP41jo2cVaZly;Playlist;Monday.com ;Monday.com ;;;;;;
;https://www.youtube.com/watch?v;;PLutcJfNEwNkRDFiC7Kq1oftKe3qG-VAkP;Playlist;Monday.com ;Monday.com ;;;;;;
;https://www.youtube.com/watch?v;;PLutcJfNEwNkSzUWW3NW3858GhsDJ5XYHV;Playlist;Monday.com ;Monday.com ;;;;;;
;;;;;;;;;;;;
;https://www.youtube.com/watch?v;;PLU8ezI8GYqs7tAIAv9qFoYM7F02L251Ai;Playlist;Google;Google;;;;;;
;https://www.youtube.com/watch?v;;PLU8ezI8GYqs4NSPPqm9hkdWPziVh_O3EC;Playlist;Google;Google;;;;;;
;https://www.youtube.com/watch?v;;PLU8ezI8GYqs57TiPN0H0XrKfFuac6PwT2;Playlist;Google;Google;;;;;;
;https://www.youtube.com/watch?v;;PLU8ezI8GYqs7jfqjERKcxWsyZy9L_PeMh;Playlist;Google;Google;;;;;;
;https://www.youtube.com/watch?v;;PLU8ezI8GYqs7hEy5n5Rg5EIqa5Z47NPjX;Playlist;Google;Google;;;;;;
;https://www.youtube.com/watch?v;;PLU8ezI8GYqs4WMRSDAY8SNz5kgBl1URWV;Playlist;Google;Google;;;;;;
;https://www.youtube.com/watch?v;;PLU8ezI8GYqs6fihfnSqpyjinSKQnzRIFH;Playlist;Google;Google;;;;;;
;https://www.youtube.com/watch?v;;PLU8ezI8GYqs4eSFIzmeegSGdX9E2LMHv3;Playlist;Google;Google;;;;;;
;https://www.youtube.com/watch?v;;PLU8ezI8GYqs42aOkhVtXERJqawGG0XpkP;Playlist;Google;Google;;;;;;
;https://www.youtube.com/watch?v;;PLU8ezI8GYqs4yMkItxPk3h1mPLjVpuGV9;Playlist;Google;Google;;;;;;
;https://www.youtube.com/watch?v;;PLU8ezI8GYqs7AzUCtWmTbGmhQ9SairJu2;Playlist;Google;Google;;;;;;
;https://www.youtube.com/watch?v;;PLU8ezI8GYqs4SrBw-2QJMsQoCq2vN-GBy;Playlist;Google;Google;;;;;;
;https://www.youtube.com/watch?v;;PLU8ezI8GYqs6KGrReStVU-UnRIfxWCoLA;Playlist;Google;Google;;;;;;
;https://www.youtube.com/watch?v;;PLU8ezI8GYqs4YntFNP9jf_rrZ0vJLSW2X;Playlist;Google;Google;;;;;;
;https://www.youtube.com/watch?v;;PLU8ezI8GYqs5DMmx_GKEkugMqXdSocbFZ;Playlist;Google;Google;;;;;;
;https://www.youtube.com/watch?v;;PLU8ezI8GYqs6NdTn1FYrfjDQW-Kxrmuyv;Playlist;Google;Google;;;;;;
;https://www.youtube.com/watch?v;;PLU8ezI8GYqs6sCUWKaCVBaVg-ND6uH2BG;Playlist;Google;Google;;;;;;
;https://www.youtube.com/watch?v;;PLU8ezI8GYqs7_rj-6JsBBr4Tgm6xNsRtw;Playlist;Google;Google;;;;;;
;https://www.youtube.com/watch?v;;PLU8ezI8GYqs61ciKpXf_KkV7ZRbRHVG38;Playlist;Google;Google;;;;;;
;https://www.youtube.com/watch?v;;PLU8ezI8GYqs4JKwZ-fpBP-zSoWPL8Sit7;Playlist;Google;Google;;;;;;
;https://www.youtube.com/watch?v;;PLU8ezI8GYqs5fHwvaA7lxTGqNmUsBrust;Playlist;Google;Google;;;;;;
;https://www.youtube.com/watch?v;;PLU8ezI8GYqs7Y5d1cgZm2Obq7leVtLkT4;Playlist;Google;Google;;;;;;
;https://www.youtube.com/watch?v;;PLU8ezI8GYqs7IPb_UdmUNKyUCqjzGO9PJ;Playlist;Google;Google;;;;;;
;https://www.youtube.com/watch?v;;PLU8ezI8GYqs5Zk8HnDlyZGncE0NDVw0BO;Playlist;Google;Google;;;;;;
;https://www.youtube.com/watch?v;;PLU8ezI8GYqs5OqpVFmdh_eiyVi7PODp4x;Playlist;Google;Google;;;;;;
;https://www.youtube.com/watch?v;;PLU8ezI8GYqs74i8hy_qln3FvkAuSpE-r1;Playlist;Google;Google;;;;;;
;https://www.youtube.com/watch?v;;PLU8ezI8GYqs4HUqMENfKAVNwUxF2083cX;Playlist;Google;Google;;;;;;
;https://www.youtube.com/watch?v;;PLU8ezI8GYqs4SPCQxHdwdNeG4MejyG5Y_;Playlist;Google;Google;;;;;;
;https://www.youtube.com/watch?v;;PLU8ezI8GYqs7Ohrf3uosH2y6fUbhNhpXf;Playlist;Google;Google;;;;;;
;https://www.youtube.com/watch?v;;PLU8ezI8GYqs4QQZ_JGEp3mmjMTeYYUxCs;Playlist;Google;Google;;;;;;
;https://www.youtube.com/watch?v;;PLU8ezI8GYqs7hJp2tx3k7eReVqSCQYDQg;Playlist;Google;Google;;;;;;
;https://www.youtube.com/watch?v;;PLU8ezI8GYqs75-_nquHcR8F8qm7U6h4a6;Playlist;Google;Google;;;;;;
;https://www.youtube.com/watch?v;;PLU8ezI8GYqs4ifa4Qf2HqKxzuoT0t7dbv;Playlist;Google;Google;;;;;;
;https://www.youtube.com/watch?v;;PLU8ezI8GYqs5L4xVst-tH8K89VeVNu0I_;Playlist;Google;Google;;;;;;
;https://www.youtube.com/watch?v;;PLU8ezI8GYqs5RivJQrZjRoMNc99imM-ZZ;Playlist;Google;Google;;;;;;
;https://www.youtube.com/watch?v;;PLU8ezI8GYqs6k3ll9q8NUf_Ba0GSHcp47;Playlist;Google;Google;;;;;;
;https://www.youtube.com/watch?v;;PLU8ezI8GYqs7UEIbZfqpBaQhdYLBYWNiW;Playlist;Google;Google;;;;;;
;https://www.youtube.com/watch?v;;PLU8ezI8GYqs6a__2ffS5LZHcAYvxukGkN;Playlist;Google;Google;;;;;;
;;;;;;;;;;;;
;https://www.youtube.com/watch?v;;PLd7bRjT5AStYppHC4Yh4zNwFFwzxHC8bk;Playlist;Paul Minors;Paul Minors;;;;;;
;https://www.youtube.com/watch?v;;PL46lQdeTqOcoFTkO54baUqN3pmsatOHCY;Playlist;Pipedrive;Pipedrive;;;;;;
;https://www.youtube.com/watch?v;;PL46lQdeTqOcrtwzHCCs2_aZfUtFa4NIWe;Playlist;Pipedrive;Pipedrive;;;;;;
;https://www.youtube.com/watch?v;;PL46lQdeTqOcoAOi3gQJJFC4IMrGhGDgAI;Playlist;Pipedrive;Pipedrive;;;;;;
;https://www.youtube.com/watch?v;;PL46lQdeTqOcqzuuAlPW3VdpTfnSF56nr7;Playlist;Pipedrive;Pipedrive;;;;;;
;https://www.youtube.com/watch?v;;PL46lQdeTqOcpGP2HGV4GPUnDopc5lx3I3;Playlist;Pipedrive;Pipedrive;;;;;;
;https://www.youtube.com/watch?v;;PL46lQdeTqOcpI7M0EBlmaK-hUnh5PUMRG;Playlist;Pipedrive;Pipedrive;;;;;;
;https://www.youtube.com/watch?v;;PL46lQdeTqOcoaNrafEyw9azjtslQyusgU;Playlist;Pipedrive;Pipedrive;;;;;;
;https://www.youtube.com/watch?v;;PL46lQdeTqOcrmdPr5tX2Oe4Z1_JGu3sGX;Playlist;Pipedrive;Pipedrive;;;;;;
;https://www.youtube.com/watch?v;;PL46lQdeTqOcrTB7YlIHfQENHg-6C_TFPV;Playlist;Pipedrive;Pipedrive;;;;;;
;https://www.youtube.com/watch?v;;PL46lQdeTqOcoqle0DffsHX85afNlBi_gS;Playlist;Pipedrive;Pipedrive;;;;;;
;https://www.youtube.com/watch?v;;PLNzNtv3BP9pWkcQwBCetnfuEKOPv3H1kX;Playlist;AFAS TV;AFAS TV;;;;;;
;https://www.youtube.com/watch?v;;PLNzNtv3BP9pXXe3KCJ8KRzTbFfhlLNNPq;Playlist;AFAS TV;AFAS TV;;;;;;
;https://www.youtube.com/watch?v;;PLNzNtv3BP9pWZWYh57eEsQbPKQVfJ-aHC;Playlist;AFAS TV;AFAS TV;;;;;;
;https://www.youtube.com/watch?v;;PLNzNtv3BP9pW1pk___wLnpqbNenUMFNCu;Playlist;AFAS TV;AFAS TV;;;;;;
;https://www.youtube.com/watch?v;;PLNzNtv3BP9pWntkdik33AB9xloVRLCqdZ;Playlist;AFAS TV;AFAS TV;;;;;;
;https://www.youtube.com/watch?v;;PLNzNtv3BP9pURle3UlZ8ednC3Q08QE-Zi;Playlist;AFAS TV;AFAS TV;;;;;;
;https://www.youtube.com/watch?v;;PLNzNtv3BP9pWJhEJ3_CE7vKdF8Ji6515r;Playlist;AFAS TV;AFAS TV;;;;;;
;https://www.youtube.com/watch?v;;PLNzNtv3BP9pXpWcEDOuS6dMO4cfyiMfGs;Playlist;AFAS TV;AFAS TV;;;;;;
;https://www.youtube.com/watch?v;;PLNzNtv3BP9pXkR7bJ2jB_saBEE9W58CCp;Playlist;AFAS TV;AFAS TV;;;;;;
;https://www.youtube.com/watch?v;;PLNzNtv3BP9pVb_7Br04gkAcGMj4igvsNv;Playlist;AFAS TV;AFAS TV;;;;;;
;https://www.youtube.com/watch?v;;PLNzNtv3BP9pWTZ1W2Jfe7YPPGFeFYASLj;Playlist;AFAS TV;AFAS TV;;;;;;
;https://www.youtube.com/watch?v;;PLNzNtv3BP9pVXpvlq2LPl8CT-lHMClMnR;Playlist;AFAS TV;AFAS TV;;;;;;
;https://www.youtube.com/watch?v;;PLNzNtv3BP9pU0RUW1mi8NabaVSXtllSDZ;Playlist;AFAS TV;AFAS TV;;;;;;
;https://www.youtube.com/watch?v;;PLNzNtv3BP9pXhmHdE-dFAqw4XHvjBTPEi;Playlist;AFAS TV;AFAS TV;;;;;;
;https://www.youtube.com/watch?v;;PLNzNtv3BP9pWpi7mhoHY9m50CTugQZCRd;Playlist;AFAS TV;AFAS TV;;;;;;
;https://www.youtube.com/watch?v;;PLNzNtv3BP9pX8wNXbEP-_QwwbopHkz-Qy;Playlist;AFAS TV;AFAS TV;;;;;;
;https://www.youtube.com/watch?v;;PLNzNtv3BP9pX-IMbamEp9nVATVhmA_gUT;Playlist;AFAS TV;AFAS TV;;;;;;
;https://www.youtube.com/watch?v;;PLNzNtv3BP9pW7PC4NKWWsanZMgQDTKLeR;Playlist;AFAS TV;AFAS TV;;;;;;
;https://www.youtube.com/watch?v;;PLNzNtv3BP9pVAlfB9TigjPEtrvJcgtLNp;Playlist;AFAS TV;AFAS TV;;;;;;
;https://www.youtube.com/watch?v;;PLNzNtv3BP9pVvsYZSxVZ-FZVaJBKOfZ4g;Playlist;AFAS TV;AFAS TV;;;;;;
;https://www.youtube.com/watch?v;;PL96FEE82DAE92EDE8;Playlist;AFAS TV;AFAS TV;;;;;;
;https://www.youtube.com/watch?v;;PL6033CFDC661B2528;Playlist;AFAS TV;AFAS TV;;;;;;
;;;;;;;;;;;;
;https://www.youtube.com/watch?v;;PLk--TBHHhUvzxrrl6AI3pxajIKbHu49ln;Playlist;ADP;ADP;;;;;;
;https://www.youtube.com/watch?v;;PLk--TBHHhUvyLZXNKjQnXtZ-jrXIwKt4p;Playlist;ADP;ADP;;;;;;
;https://www.youtube.com/watch?v;;PLk--TBHHhUvxLfjX1INctWC2cAJfEKH3K;Playlist;ADP;ADP;;;;;;
;https://www.youtube.com/watch?v;;PLk--TBHHhUvz3rJ9C6Gmw11tcojPyYTMt;Playlist;ADP;ADP;;;;;;
;https://www.youtube.com/watch?v;;PLk--TBHHhUvwFqE8LjZzLKq-spn7jTUxw;Playlist;ADP;ADP;;;;;;
;https://www.youtube.com/watch?v;;PLk--TBHHhUvwZEORjzv8K1O_gULgzFlM0;Playlist;ADP;ADP;;;;;;
;https://www.youtube.com/watch?v;;PLk--TBHHhUvz9bCfOk7w8_p7XVo_wW_iV;Playlist;ADP;ADP;;;;;;
;https://www.youtube.com/watch?v;;PLk--TBHHhUvwYPDgidCb-A_zTkUrfwN5S;Playlist;ADP;ADP;;;;;;
;https://www.youtube.com/watch?v;;PLk--TBHHhUvyqbiJR2Yei_IWU7uGFyGE7;Playlist;ADP;ADP;;;;;;
;https://www.youtube.com/watch?v;;PLk--TBHHhUvyxbPzhrfIEE9KPVfbABcxa;Playlist;ADP;ADP;;;;;;
;https://www.youtube.com/watch?v;;PLk--TBHHhUvx2E3NJXpziu_46nOnyEeBP;Playlist;ADP;ADP;;;;;;
;https://www.youtube.com/watch?v;;PLk--TBHHhUvyQudMUz28uS-JUctwFh86Z;Playlist;ADP;ADP;;;;;;
;https://www.youtube.com/watch?v;;PLk--TBHHhUvz4AUgDskz0EJUL0dvwSQZx;Playlist;ADP;ADP;;;;;;
;https://www.youtube.com/watch?v;;PL96EEE7D6D5A39D79;Playlist;ADP;ADP;;;;;;
;;;;;;;;;;;;
;https://www.youtube.com/watch?v;;PLcihPYzKsX4j26AakcjgwHU-gkIg7FrPc;Playlist;PeopleSoft Channel;PeopleSoft Channel;;;;;;
;https://www.youtube.com/watch?v;;PLcihPYzKsX4jpV1FKtlzrWfJuXNDuAFYk;Playlist;PeopleSoft Channel;PeopleSoft Channel;;;;;;
;https://www.youtube.com/watch?v;;PLcihPYzKsX4gIlIu3hsmc-qqDxRJ31Avq;Playlist;PeopleSoft Channel;PeopleSoft Channel;;;;;;
;https://www.youtube.com/watch?v;;PLcihPYzKsX4j9qw-ubWgTWpv6WEMvtyUt;Playlist;PeopleSoft Channel;PeopleSoft Channel;;;;;;
;https://www.youtube.com/watch?v;;PLcihPYzKsX4jI6YaoWYR5BBygkKFWusRE;Playlist;PeopleSoft Channel;PeopleSoft Channel;;;;;;
;https://www.youtube.com/watch?v;;PLcihPYzKsX4hj3kvRKAIa8HD59gBtG_Gu;Playlist;PeopleSoft Channel;PeopleSoft Channel;;;;;;
;https://www.youtube.com/watch?v;;PLcihPYzKsX4hOnVzeu5VinsdHek9SMvzB;Playlist;PeopleSoft Channel;PeopleSoft Channel;;;;;;
;https://www.youtube.com/watch?v;;PLcihPYzKsX4ipvLKWTgpM-U8_yzsHx1ZS;Playlist;PeopleSoft Channel;PeopleSoft Channel;;;;;;
;https://www.youtube.com/watch?v;;PLcihPYzKsX4iZrpLgCpMyvwHQ1NhsjWOB;Playlist;PeopleSoft Channel;PeopleSoft Channel;;;;;;
;https://www.youtube.com/watch?v;;PLcihPYzKsX4iF3s53idVCyCg7xeNhVoZo;Playlist;PeopleSoft Channel;PeopleSoft Channel;;;;;;
;https://www.youtube.com/watch?v;;PLcihPYzKsX4jo2wKweVSE1F0H1cOAf8nT;Playlist;PeopleSoft Channel;PeopleSoft Channel;;;;;;
;https://www.youtube.com/watch?v;;PLcihPYzKsX4hOWR2f7pW6Tsd0vJEjWVnT;Playlist;PeopleSoft Channel;PeopleSoft Channel;;;;;;
;https://www.youtube.com/watch?v;;PLcihPYzKsX4h5XvIDnr_b2gvO75_lFv2j;Playlist;PeopleSoft Channel;PeopleSoft Channel;;;;;;
;https://www.youtube.com/watch?v;;PLcihPYzKsX4jNk24-xEAwtF2-duMAdpYQ;Playlist;PeopleSoft Channel;PeopleSoft Channel;;;;;;
;https://www.youtube.com/watch?v;;PLcihPYzKsX4iNgZOrlzXbNYB3UUgmZKvv;Playlist;PeopleSoft Channel;PeopleSoft Channel;;;;;;
;https://www.youtube.com/watch?v;;PLcihPYzKsX4gHU3X49CP4iLsnR6haIgr-;Playlist;PeopleSoft Channel;PeopleSoft Channel;;;;;;
;https://www.youtube.com/watch?v;;PLcihPYzKsX4hXyzOkbE-v8JlRp8qjb-8M;Playlist;PeopleSoft Channel;PeopleSoft Channel;;;;;;
;https://www.youtube.com/watch?v;;PLcihPYzKsX4hpDfY42BQ91o-XzOKqwOJw;Playlist;PeopleSoft Channel;PeopleSoft Channel;;;;;;
;https://www.youtube.com/watch?v;;PLcihPYzKsX4hhlLsHNIsdS8lz5_-a-1Vo;Playlist;PeopleSoft Channel;PeopleSoft Channel;;;;;;
;https://www.youtube.com/watch?v;;PLcihPYzKsX4gl7qzpQALOck4iRaP4Xnj5;Playlist;PeopleSoft Channel;PeopleSoft Channel;;;;;;
;https://www.youtube.com/watch?v;;PLcihPYzKsX4iX4EvnCCOoR_d8yrP7nhuI;Playlist;PeopleSoft Channel;PeopleSoft Channel;;;;;;
;;;;;;;;;;;;
;https://www.youtube.com/watch?v;;PL_TOMHsLRTJKmVGzTlyF58Oy304miOYTI;Playlist;Exact;Exact;;;;;;
;https://www.youtube.com/watch?v;;PL_TOMHsLRTJKdnGH3Ce3hfraQPnQ-dfON;Playlist;Exact;Exact;;;;;;
;https://www.youtube.com/watch?v;;PL_TOMHsLRTJJYCvH1zne75UeeLoNrGaFY;Playlist;Exact;Exact;;;;;;
;https://www.youtube.com/watch?v;;PL_TOMHsLRTJLAXnHxJ3V2YBcUU1xDrEar;Playlist;Exact;Exact;;;;;;
;https://www.youtube.com/watch?v;;PL_TOMHsLRTJK5edxUHf2PGNxzAHFpRFJs;Playlist;Exact;Exact;;;;;;
;https://www.youtube.com/watch?v;;PL_TOMHsLRTJJgiIyNYN16ot1OBYbCFDag;Playlist;Exact;Exact;;;;;;
;https://www.youtube.com/watch?v;;PL_TOMHsLRTJKJx3gweoAmgE7bPlWOAcnQ;Playlist;Exact;Exact;;;;;;
;https://www.youtube.com/watch?v;;PL_TOMHsLRTJKY3ruV78Vj9ugjtysPyFsx;Playlist;Exact;Exact;;;;;;
;https://www.youtube.com/watch?v;;PL_TOMHsLRTJLTJ2znRCkJ6zFS02e2j9aD;Playlist;Exact;Exact;;;;;;
;https://www.youtube.com/watch?v;;PL_TOMHsLRTJIsVR6IGM4_IGpqgbux3-j6;Playlist;Exact;Exact;;;;;;
;https://www.youtube.com/watch?v;;PL_TOMHsLRTJIqipeow9CXyNk-PxGttjyw;Playlist;Exact;Exact;;;;;;
;https://www.youtube.com/watch?v;;PL_TOMHsLRTJKTYYosEm-OYIe1Ar7GLzn5;Playlist;Exact;Exact;;;;;;
;;;;;;;;;;;;
;https://www.youtube.com/watch?v;;PLey0UTweD9zMnbrSF2ITxDOpq3G8r2GA7;Playlist;Personio;Personio;;;;;;
;https://www.youtube.com/watch?v;;PLey0UTweD9zMQQuzAwrK9q5MrUU7qVFFr;Playlist;Personio;Personio;;;;;;
;https://www.youtube.com/watch?v;;PLey0UTweD9zOxzX8HjJoSF8yxEW2VI4G7;Playlist;Personio;Personio;;;;;;
;https://www.youtube.com/watch?v;;PLey0UTweD9zPopwDk9z4C3T8bqmhwsDQU;Playlist;Personio;Personio;;;;;;
;https://www.youtube.com/watch?v;;PLey0UTweD9zM1NlrBFugie0680X7h-fEs;Playlist;Personio;Personio;;;;;;
;https://www.youtube.com/watch?v;;PLey0UTweD9zNI3MOwsqKCMVb1Z9wq5Icq;Playlist;Personio;Personio;;;;;;
;https://www.youtube.com/watch?v;;PLey0UTweD9zMb0oVzVPpKbNYHkq7g89Tf;Playlist;Personio;Personio;;;;;;
;https://www.youtube.com/watch?v;;PLey0UTweD9zPdY3F5d14jWgohv_8iSh3V;Playlist;Personio;Personio;;;;;;
;https://www.youtube.com/watch?v;;PLey0UTweD9zMTdOCFkHodFqx4qTVdxREp;Playlist;Personio;Personio;;;;;;
;https://www.youtube.com/watch?v;;PLey0UTweD9zO3FDOl_nNW9XrS-q0OxCxu;Playlist;Personio;Personio;;;;;;
;https://www.youtube.com/watch?v;;PLey0UTweD9zOm0QYikmlzT8S-LuNjmWIq;Playlist;Personio;Personio;;;;;;
;https://www.youtube.com/watch?v;;PLey0UTweD9zPFY-r4md4WEpneXC73I_co;Playlist;Personio;Personio;;;;;;
;;;;;;;;;;;;
;https://www.youtube.com/watch?v;;PLCjzBQGOuzY2zzjWvCQN_Uyq0yL4oAe6F;Playlist;Visma Software;Visma Software;;;;;;
;https://www.youtube.com/watch?v;;PLCjzBQGOuzY0X2F0wSwseIkh2gmYLm0Ff;Playlist;Visma Software;Visma Software;;;;;;
;https://www.youtube.com/watch?v;;PLCjzBQGOuzY1zDny8s82UnR-OxQT9KWFE;Playlist;Visma Software;Visma Software;;;;;;
;https://www.youtube.com/watch?v;;PLCjzBQGOuzY1z4_-6yKLFaC1WRQXvAmpV;Playlist;Visma Software;Visma Software;;;;;;
;https://www.youtube.com/watch?v;;PLCjzBQGOuzY3dIB2R416gYY7prPbDp_HN;Playlist;Visma Software;Visma Software;;;;;;
;https://www.youtube.com/watch?v;;PLCjzBQGOuzY0Ilmwq92HI0mf7xgN8Cj1j;Playlist;Visma Software;Visma Software;;;;;;
;https://www.youtube.com/watch?v;;PLCjzBQGOuzY3f61vulgrPz5lycOzFQpGw;Playlist;Visma Software;Visma Software;;;;;;
;https://www.youtube.com/watch?v;;PLCjzBQGOuzY2IPSuic2pxCilLkZQ7Dyhw;Playlist;Visma Software;Visma Software;;;;;;
;https://www.youtube.com/watch?v;;PLCjzBQGOuzY3-5_QhzwNAguc-dVMbgQ22;Playlist;Visma Software;Visma Software;;;;;;
;https://www.youtube.com/watch?v;;PLCjzBQGOuzY0pOVzLw4CgXOsz3ENRuLon;Playlist;Visma Software;Visma Software;;;;;;
;https://www.youtube.com/watch?v;;PLCjzBQGOuzY2wxdCLx8WfKbZ1M8wOhmDR;Playlist;Visma Software;Visma Software;;;;;;
;https://www.youtube.com/watch?v;;PLCjzBQGOuzY0x8TkkXo13WwvclZ9v1Ar5;Playlist;Visma Software;Visma Software;;;;;;
;;;;;;;;;;;;
;https://www.youtube.com/watch?v;;PLxhAYc-E3agE6HuuCOJWXDypDOvaqdbnv;Playlist;Remote;Remote;;;;;;
;https://www.youtube.com/watch?v;;PLxhAYc-E3agF5KgXBnxNstUq9FZoXNETE;Playlist;Remote;Remote;;;;;;
;https://www.youtube.com/watch?v;;PLxhAYc-E3agHfMxiSnWrxGV5P415eYysD;Playlist;Remote;Remote;;;;;;
;https://www.youtube.com/watch?v;;PLxhAYc-E3agH5rjSVWuar_oL1MVzfWkJc;Playlist;Remote;Remote;;;;;;
;https://www.youtube.com/watch?v;;PLxhAYc-E3agF7NTFYn3ZcAIk3L6GUt68w;Playlist;Remote;Remote;;;;;;
;https://www.youtube.com/watch?v;xxi4zG0Mig0;PL5Y59tc8TvYJJ5WacEwgL4Ey0Y-tysSX_;Playlist;Meandmygolf;Meandmygolf;;;;;;
Crash Course: Sustainability;https://www.youtube.com/playlist?list=PLrDe1FEAgp5LDjM50k-P1UwiCS4dR4co_;;PLrDe1FEAgp5LDjM50k-P1UwiCS4dR4co_;Playlist;;swrm;;;;;;
Renewable Energy;https://www.youtube.com/playlist?list=PLrDe1FEAgp5IjJCvSQYNKXZk9IpnTtHb4;;PLrDe1FEAgp5IjJCvSQYNKXZk9IpnTtHb4;Playlist;;SWRM;;;;;;
Waste and Recycling;https://www.youtube.com/playlist?list=PLrDe1FEAgp5J018cYv5LpzcHls-ER2Ure;;PLrDe1FEAgp5J018cYv5LpzcHls-ER2Ure;Playlist;;swrm;;;;;;
Sustainability and Food;https://www.youtube.com/playlist?list=PLrDe1FEAgp5KOch5S5tYlISpvW8bHafiI;;PLrDe1FEAgp5J018cYv5LpzcHls-ER2Ure;Playlist;;swrm;;;;;;
Sustainable Development Goals;https://www.youtube.com/playlist?list=PLrDe1FEAgp5JI8ip5Ct9TGrQ5KNrrFQQ8;;PLrDe1FEAgp5JI8ip5Ct9TGrQ5KNrrFQQ8;Playlist;;swrm;;;;;;
?? Learn about sustainability at home: crash course ?????;https://www.youtube.com/playlist?list=PLEXqjIYY5zi6hWCvm5idXYLH2Qtv7fT-f;;PLEXqjIYY5zi6hWCvm5idXYLH2Qtv7fT-f;Playlist;;Sustainability Illustrated;;;;;;
;;;;;;;;;;;;
The Laws of Human Nature Series;https://www.youtube.com/playlist?list=PLu15HihogYiB7zLT3zyYCiwnFc5CC2f3c;;PLu15HihogYiB7zLT3zyYCiwnFc5CC2f3c;;Robert Greene;;;;;;;
Communication;https://www.youtube.com/playlist?list=PLHNJ-2Tt-xfmgoKqhFVcaYRiaIMA50_Q9;;PLHNJ-2Tt-xfmgoKqhFVcaYRiaIMA50_Q9;;;Psych101;;;;;;
Psychology;https://www.youtube.com/playlist?list=PL8dPuuaLjXtOPRKzVLY0jJY-uHOH9KVU6;;PL8dPuuaLjXtOPRKzVLY0jJY-uHOH9KVU6;;Hank Green;CrashCourse;;;;;;
Business Soft Skills;https://www.youtube.com/playlist?list=PL8dPuuaLjXtMBsfP-lP28IFvfkISqJofM;;PL8dPuuaLjXtMBsfP-lP28IFvfkISqJofM;;Evelyn;CrashCourse;;;;;;
;;;;;;;;;;;;
Leadership;https://www.youtube.com/playlist?list=PLefV978fp07dTLyltprv1SCUlPtJr12X_;;PLefV978fp07dTLyltprv1SCUlPtJr12X_;;;Charisma on Command;;;;;;
;;;;;;;;;;;;
Consciously Communicate;https://www.youtube.com/playlist?list=PLVDJnb7G1IwmxMFhvBKbKCHqZFWhJbi5K;;PLVDJnb7G1IwmxMFhvBKbKCHqZFWhJbi5K;;;Primeast;;;;;;
Artificial Intelligence;https://www.youtube.com/playlist?list=PL8dPuuaLjXtO65LeD2p4_Sb5XQ51par_b;;PL8dPuuaLjXtO65LeD2p4_Sb5XQ51par_b;;Jabril;CrashCourse;;;;;;
Contract and Procurement;https://www.youtube.com/playlist?list=PLBiNNJSjNomQgryoKpLYvrjlWpMiR3dv9;;PLBiNNJSjNomQgryoKpLYvrjlWpMiR3dv9;;;Scope Training;;;;;;
Jumpstart Change;https://www.youtube.com/playlist?list=PLVDJnb7G1IwkNKM-D2ojlHwGx6Y-K3F1j;;PLVDJnb7G1IwkNKM-D2ojlHwGx6Y-K3F1j;;;Primeast;;;;;;
Google Data Analytics Certificate;https://www.youtube.com/playlist?list=PLTZYG7bZ1u6rcPlcX75pMkjsYY_HTL7aZ;;PLTZYG7bZ1u6rcPlcX75pMkjsYY_HTL7aZ;;;Google;;;;;;
Google Project Management Certificate;https://www.youtube.com/playlist?list=PLTZYG7bZ1u6puLWxUtqAjZkIB4dB_JFzk;;PLTZYG7bZ1u6puLWxUtqAjZkIB4dB_JFzk;;;Google;;;;;;
Google Cybersecurity Certificate;https://www.youtube.com/playlist?list=PLTZYG7bZ1u6ocTMdhDwwmfjaNv134KcWn;;PLTZYG7bZ1u6ocTMdhDwwmfjaNv134KcWn;;;Google;;;;;;
Google Digital Marketing & E-commerce Certificate;https://www.youtube.com/playlist?list=PLTZYG7bZ1u6qDuyxKfDrvzJRFnjalX32r;;PLTZYG7bZ1u6qDuyxKfDrvzJRFnjalX32r;;;Google;;;;;;
Marketing;https://www.youtube.com/playlist?list=PL6vWkk9L7LeHqk6waqSZ2vh9T2scMHef7;;PL6vWkk9L7LeHqk6waqSZ2vh9T2scMHef7;;Mike Clayton;Management Courses;;;;;;
